{"elbo": -2445.561767578125, "estimated_elbo_std": 0.06805568188428879, "learning_rate": 0.005, "initial_step_size": [0.005781043786555529, 0.009149621240794659, 0.001556769129820168, [0.02344398945569992, 0.02376156859099865, 0.028051111847162247, 0.023688072338700294, 0.01881587691605091, 0.018912523984909058, 0.018155325204133987, 0.022208254784345627, 0.018889253959059715, 0.016714083030819893, 0.009923005476593971, 0.01735948584973812, 0.03122953325510025, 0.03129104524850845, 0.012516254559159279, 0.018783200532197952, 0.028116751462221146, 0.036164380609989166, 0.008176755160093307, 0.02085268497467041, 0.027885667979717255, 0.02222336269915104, 0.025476979091763496, 0.00642200605943799, 0.027999836951494217, 0.010512717999517918, 0.028013259172439575, 0.022126873955130577, 0.04422162473201752, 0.02800733596086502, 0.022075558081269264, 0.028166059404611588, 0.02353491447865963, 0.020852722227573395, 0.01746387593448162, 0.00980822928249836, 0.02207217365503311, 0.025542179122567177, 0.009497357532382011, 0.028083622455596924, 0.02361968159675598, 0.011693360283970833, 0.036133650690317154, 0.03632788360118866, 0.018882369622588158, 0.015559072606265545, 0.02207532897591591, 0.003804099513217807, 0.009754922240972519, 0.008807258680462837, 0.010916341096162796, 0.031286075711250305, 0.017320556566119194, 0.010443436913192272, 0.0180270466953516, 0.04419087618589401, 0.02366943284869194, 0.025664417073130608, 0.03583031892776489, 0.02547185868024826, 0.022069638594985008, 0.03608722239732742, 0.020849617198109627, 0.02554410509765148, 0.036152131855487823, 0.01879255473613739, 0.0311543308198452, 0.028090860694646835, 0.021955864503979683, 0.03593790903687477, 0.020706946030259132, 0.02221694029867649, 0.017955824732780457, 0.02083371952176094, 0.031276192516088486, 0.02354668267071247, 0.025457387790083885, 0.0443340428173542, 0.0277504064142704, 0.014293366111814976, 0.01616346836090088, 0.019770720973610878, 0.012138040736317635, 0.015661627054214478, 0.017328020185232162, 0.031128589063882828, 0.044077664613723755, 0.02373652532696724, 0.01464108657091856, 0.04409952089190483, 0.018014229834079742, 0.019796395674347878, 0.0440901480615139, 0.027996007353067398, 0.01663803681731224, 0.023663382977247238, 0.03124212473630905, 0.00878460519015789, 0.03132110834121704, 0.008986566215753555, 0.006439678370952606, 0.004326083697378635, 0.018137140199542046, 0.019714124500751495, 0.019822632893919945, 0.03606177493929863, 0.018954183906316757, 0.020818786695599556, 0.016795070841908455, 0.02347395569086075, 0.027834206819534302, 0.02087467536330223, 0.015606708824634552, 0.03611968457698822, 0.02197759412229061]], "learned_reparam": null}