{"elbo": -2445.514892578125, "estimated_elbo_std": 0.0929374173283577, "learning_rate": 0.02, "initial_step_size": [0.0063583399169147015, 0.010066009126603603, 0.0015609839465469122, [0.02347240038216114, 0.023760799318552017, 0.027486542239785194, 0.023699495941400528, 0.019038444384932518, 0.01869908720254898, 0.01839281991124153, 0.022150499746203423, 0.019049447029829025, 0.01697489060461521, 0.010081571526825428, 0.017191078513860703, 0.030997037887573242, 0.03093724325299263, 0.01242209691554308, 0.019063623622059822, 0.027789708226919174, 0.0363590233027935, 0.008017273619771004, 0.020934665575623512, 0.02878955379128456, 0.0226482842117548, 0.025209326297044754, 0.006356307305395603, 0.02860676497220993, 0.010806315578520298, 0.0277932807803154, 0.022127505391836166, 0.04429735615849495, 0.027279675006866455, 0.021983569487929344, 0.02808259427547455, 0.022952718660235405, 0.021208517253398895, 0.01732940971851349, 0.009490643627941608, 0.02249494381248951, 0.02572782337665558, 0.009442906826734543, 0.0278828926384449, 0.02392854355275631, 0.011715805158019066, 0.03639635071158409, 0.03629671782255173, 0.018888846039772034, 0.015317961573600769, 0.022224608808755875, 0.003677745582535863, 0.009608187712728977, 0.009133793413639069, 0.010933400131762028, 0.03158579021692276, 0.017202643677592278, 0.01021377369761467, 0.017695067450404167, 0.04439517483115196, 0.02352118492126465, 0.0256195031106472, 0.03582420200109482, 0.025691766291856766, 0.022147325798869133, 0.03604937344789505, 0.021246401593089104, 0.024828879162669182, 0.036360401660203934, 0.01896686851978302, 0.030940594151616096, 0.028240695595741272, 0.022134648635983467, 0.03599957004189491, 0.021180789917707443, 0.022000402212142944, 0.0178887527436018, 0.020905982702970505, 0.03224008157849312, 0.023421430960297585, 0.025742966681718826, 0.044063322246074677, 0.028175175189971924, 0.014343522489070892, 0.01629127375781536, 0.019553279504179955, 0.012043219059705734, 0.015454627573490143, 0.01721375435590744, 0.030771223828196526, 0.044410523027181625, 0.023747451603412628, 0.015104219317436218, 0.044367749243974686, 0.01798093132674694, 0.01966739445924759, 0.043986208736896515, 0.028146706521511078, 0.01649765484035015, 0.024162210524082184, 0.030931711196899414, 0.008727462030947208, 0.03133810684084892, 0.008930053561925888, 0.006542359944432974, 0.004298532847315073, 0.018154455348849297, 0.019491178914904594, 0.019049080088734627, 0.03635190427303314, 0.018876729533076286, 0.021164940670132637, 0.016541356220841408, 0.023748455569148064, 0.027834825217723846, 0.020764125511050224, 0.015724515542387962, 0.0356365405023098, 0.022410672158002853]], "learned_reparam": {"mua_a": 0.5, "mua_b": 0.5, "b1_a": 0.5, "b1_b": 0.5, "b2_a": 0.5, "b2_b": 0.5, "m_a": [0.861608624458313, 0.8639431595802307, 0.7651833295822144, 0.8651697039604187, 0.912265419960022, 0.9055406451225281, 0.9157965779304504, 0.8850523829460144, 0.9110261797904968, 0.9201563596725464, 0.9325168132781982, 0.9209956526756287, 0.7630528211593628, 0.728381335735321, 0.948020339012146, 0.9017611145973206, 0.8120198249816895, 0.6718586683273315, 0.9648070335388184, 0.8868013620376587, 0.8021558523178101, 0.8727637529373169, 0.8305253982543945, 0.953832745552063, 0.783761203289032, 0.9505561590194702, 0.8112884759902954, 0.8683220148086548, 0.47612664103507996, 0.7968608140945435, 0.8759828805923462, 0.8003841042518616, 0.8739687204360962, 0.888092577457428, 0.917124330997467, 0.9588223099708557, 0.8706604242324829, 0.8369920253753662, 0.9486682415008545, 0.7923219203948975, 0.8527041077613831, 0.9566669464111328, 0.6915237307548523, 0.6742693185806274, 0.9085060954093933, 0.9291743636131287, 0.8792113065719604, 0.952828049659729, 0.9620081782341003, 0.9556573629379272, 0.956296443939209, 0.7541806697845459, 0.9198281168937683, 0.9386615753173828, 0.919803261756897, 0.5020469427108765, 0.8426783084869385, 0.8344072699546814, 0.6722489595413208, 0.8391315340995789, 0.8595495223999023, 0.6839977502822876, 0.8797547817230225, 0.8397767543792725, 0.6915960311889648, 0.9125163555145264, 0.7630234956741333, 0.7956933975219727, 0.8764639496803284, 0.6630879044532776, 0.8962813019752502, 0.88301020860672, 0.9140762090682983, 0.8837602138519287, 0.7550115585327148, 0.8507851362228394, 0.8265689015388489, 0.5082890391349792, 0.7983551025390625, 0.9393121600151062, 0.9349685907363892, 0.8999351263046265, 0.9227136373519897, 0.9342840909957886, 0.908838152885437, 0.7592013478279114, 0.4736017882823944, 0.8649166226387024, 0.9418860673904419, 0.546657383441925, 0.909211277961731, 0.877278208732605, 0.5153201818466187, 0.8146654367446899, 0.9267868399620056, 0.8529952764511108, 0.7647112607955933, 0.9592481255531311, 0.7516685724258423, 0.964837908744812, 0.9615930318832397, 0.9652560949325562, 0.9169187545776367, 0.8978835344314575, 0.8971909880638123, 0.6852606534957886, 0.9066275358200073, 0.8937554359436035, 0.9268037676811218, 0.8510825634002686, 0.8035762310028076, 0.8897929191589355, 0.9386913776397705, 0.68776935338974, 0.8730089068412781], "m_b": [0.5, 0.5, 0.5, 0.5, 0.5, 0.5, 0.5, 0.5, 0.5, 0.5, 0.5, 0.5, 0.5, 0.5, 0.5, 0.5, 0.5, 0.5, 0.5, 0.5, 0.5, 0.5, 0.5, 0.5, 0.5, 0.5, 0.5, 0.5, 0.5, 0.5, 0.5, 0.5, 0.5, 0.5, 0.5, 0.5, 0.5, 0.5, 0.5, 0.5, 0.5, 0.5, 0.5, 0.5, 0.5, 0.5, 0.5, 0.5, 0.5, 0.5, 0.5, 0.5, 0.5, 0.5, 0.5, 0.5, 0.5, 0.5, 0.5, 0.5, 0.5, 0.5, 0.5, 0.5, 0.5, 0.5, 0.5, 0.5, 0.5, 0.5, 0.5, 0.5, 0.5, 0.5, 0.5, 0.5, 0.5, 0.5, 0.5, 0.5, 0.5, 0.5, 0.5, 0.5, 0.5, 0.5, 0.5, 0.5, 0.5, 0.5, 0.5, 0.5, 0.5, 0.5, 0.5, 0.5, 0.5, 0.5, 0.5, 0.5, 0.5, 0.5, 0.5, 0.5, 0.5, 0.5, 0.5, 0.5, 0.5, 0.5, 0.5, 0.5, 0.5, 0.5, 0.5]}}