{"elbo": -2445.484375, "estimated_elbo_std": 0.06172925606369972, "learning_rate": 0.02, "initial_step_size": [0.00623674038797617, 0.009885266423225403, 0.0015749274753034115, [0.023500654846429825, 0.023770952597260475, 0.028035659343004227, 0.02400454320013523, 0.01869327574968338, 0.018477147445082664, 0.01752886176109314, 0.022179001942276955, 0.0190371572971344, 0.01680232584476471, 0.009930804371833801, 0.01712140627205372, 0.03121819905936718, 0.03142417222261429, 0.01246438454836607, 0.01925024576485157, 0.028176845982670784, 0.03620929643511772, 0.008171355351805687, 0.021043429151177406, 0.027777049690485, 0.021848300471901894, 0.025556432083249092, 0.006383518222719431, 0.027866855263710022, 0.010445107705891132, 0.028331995010375977, 0.022356245666742325, 0.043443694710731506, 0.02819862961769104, 0.022122971713542938, 0.027725890278816223, 0.023858467116951942, 0.020664077252149582, 0.017255602404475212, 0.009796211495995522, 0.022360902279615402, 0.025651942938566208, 0.00971661601215601, 0.02754213847219944, 0.023385755717754364, 0.01118181087076664, 0.03664226084947586, 0.03590582311153412, 0.018743274733424187, 0.015788735821843147, 0.02233252488076687, 0.0036883100401610136, 0.009819106198847294, 0.008860494941473007, 0.01111901830881834, 0.03132231533527374, 0.01687680184841156, 0.010710467584431171, 0.01810225285589695, 0.04408958926796913, 0.023741871118545532, 0.025099314749240875, 0.03594684600830078, 0.02546001598238945, 0.022198911756277084, 0.035557955503463745, 0.02114555612206459, 0.025344515219330788, 0.035527464002370834, 0.01900014840066433, 0.03129735216498375, 0.028660010546445847, 0.022168029099702835, 0.03660612553358078, 0.020419498905539513, 0.021776482462882996, 0.01831517182290554, 0.02080172300338745, 0.03089824505150318, 0.023649798706173897, 0.02578650414943695, 0.044280145317316055, 0.027796834707260132, 0.014322392642498016, 0.01591860130429268, 0.020266689360141754, 0.012263096868991852, 0.015728576108813286, 0.017156412824988365, 0.03077538125216961, 0.044221341609954834, 0.023766204714775085, 0.014612473547458649, 0.04406210035085678, 0.018319029361009598, 0.019955236464738846, 0.04452826455235481, 0.028308004140853882, 0.01641165465116501, 0.023929310962557793, 0.031217388808727264, 0.00891227088868618, 0.030947629362344742, 0.008920487947762012, 0.006586537230759859, 0.004237511195242405, 0.018255572766065598, 0.020151566714048386, 0.019919665530323982, 0.03575653210282326, 0.018616486340761185, 0.020492972806096077, 0.016903817653656006, 0.023870332166552544, 0.027966294437646866, 0.02141043171286583, 0.015335172414779663, 0.03579472005367279, 0.022283151745796204]], "learned_reparam": {"mua_a": 0.5, "mua_b": 0.5, "b1_a": 0.5, "b1_b": 0.5, "b2_a": 0.5, "b2_b": 0.5, "m_a": [0.8512732982635498, 0.8606640100479126, 0.7555903196334839, 0.8516871929168701, 0.9113013744354248, 0.9105259776115417, 0.9185720682144165, 0.8843243718147278, 0.9063974618911743, 0.9191452264785767, 0.9330099821090698, 0.9259171485900879, 0.7561556100845337, 0.7564890384674072, 0.9470343589782715, 0.9045931100845337, 0.8052757978439331, 0.683026909828186, 0.9665862321853638, 0.8911105394363403, 0.8113601207733154, 0.8798772096633911, 0.8230146169662476, 0.953889012336731, 0.805457353591919, 0.949276328086853, 0.7986516952514648, 0.868868887424469, 0.49848249554634094, 0.8186396956443787, 0.8874363899230957, 0.816353440284729, 0.8581373691558838, 0.8894683122634888, 0.9232733249664307, 0.95810467004776, 0.8694261908531189, 0.8361669182777405, 0.951038658618927, 0.8152728080749512, 0.8606224060058594, 0.9542273283004761, 0.6735354661941528, 0.6688635945320129, 0.9055963754653931, 0.9270104169845581, 0.8604422807693481, 0.9525500535964966, 0.9600147008895874, 0.9521963596343994, 0.9550726413726807, 0.7415298223495483, 0.9195876121520996, 0.9398537874221802, 0.9206879734992981, 0.4912567734718323, 0.8636782169342041, 0.8445789813995361, 0.6836795210838318, 0.8452863693237305, 0.8774614334106445, 0.667174756526947, 0.8824018239974976, 0.8368157148361206, 0.681769847869873, 0.9039387702941895, 0.7445175647735596, 0.8085492253303528, 0.8740403652191162, 0.6745447516441345, 0.8938389420509338, 0.8878317475318909, 0.912562906742096, 0.8845124244689941, 0.7478446364402771, 0.8570350408554077, 0.8266575932502747, 0.48615071177482605, 0.7910330295562744, 0.9364923238754272, 0.9356805682182312, 0.895228385925293, 0.9215096831321716, 0.9347965717315674, 0.9164772033691406, 0.7552170753479004, 0.5016732811927795, 0.8693441152572632, 0.9407284259796143, 0.4669346809387207, 0.9068720936775208, 0.8786481022834778, 0.5013079643249512, 0.79145348072052, 0.9239407777786255, 0.8497706055641174, 0.7511806488037109, 0.9551118016242981, 0.7517977356910706, 0.9642592668533325, 0.9610546827316284, 0.9655119776725769, 0.9118108153343201, 0.9008755683898926, 0.8990631103515625, 0.6519189476966858, 0.9027045965194702, 0.8910865783691406, 0.9248106479644775, 0.8459057211875916, 0.8013049364089966, 0.8899610042572021, 0.9378870129585266, 0.6537944078445435, 0.8804046511650085], "m_b": [0.5, 0.5, 0.5, 0.5, 0.5, 0.5, 0.5, 0.5, 0.5, 0.5, 0.5, 0.5, 0.5, 0.5, 0.5, 0.5, 0.5, 0.5, 0.5, 0.5, 0.5, 0.5, 0.5, 0.5, 0.5, 0.5, 0.5, 0.5, 0.5, 0.5, 0.5, 0.5, 0.5, 0.5, 0.5, 0.5, 0.5, 0.5, 0.5, 0.5, 0.5, 0.5, 0.5, 0.5, 0.5, 0.5, 0.5, 0.5, 0.5, 0.5, 0.5, 0.5, 0.5, 0.5, 0.5, 0.5, 0.5, 0.5, 0.5, 0.5, 0.5, 0.5, 0.5, 0.5, 0.5, 0.5, 0.5, 0.5, 0.5, 0.5, 0.5, 0.5, 0.5, 0.5, 0.5, 0.5, 0.5, 0.5, 0.5, 0.5, 0.5, 0.5, 0.5, 0.5, 0.5, 0.5, 0.5, 0.5, 0.5, 0.5, 0.5, 0.5, 0.5, 0.5, 0.5, 0.5, 0.5, 0.5, 0.5, 0.5, 0.5, 0.5, 0.5, 0.5, 0.5, 0.5, 0.5, 0.5, 0.5, 0.5, 0.5, 0.5, 0.5, 0.5, 0.5]}}