{"elbo": -2445.4765625, "estimated_elbo_std": 0.07158682495355606, "learning_rate": 0.01, "initial_step_size": [0.0061999475583434105, 0.009805994108319283, 0.0015387029852718115, [0.02364751324057579, 0.023105859756469727, 0.027909839525818825, 0.023272864520549774, 0.01915212906897068, 0.019347330555319786, 0.017570188269019127, 0.022194024175405502, 0.01897943578660488, 0.016521530225872993, 0.009605221450328827, 0.01703149452805519, 0.03154255077242851, 0.03134724125266075, 0.01276035513728857, 0.019107701256871223, 0.02754961885511875, 0.035996098071336746, 0.00824664905667305, 0.021017255261540413, 0.02837970107793808, 0.022399555891752243, 0.025848466902971268, 0.006404935382306576, 0.02825695089995861, 0.010679072700440884, 0.02791719138622284, 0.022037813439965248, 0.0442824512720108, 0.027661681175231934, 0.022374426946043968, 0.02797515131533146, 0.02321355603635311, 0.020681943744421005, 0.017361579462885857, 0.00975862704217434, 0.02172308973968029, 0.02553030103445053, 0.009839230217039585, 0.027521029114723206, 0.023839963600039482, 0.011655334383249283, 0.03639066219329834, 0.036142222583293915, 0.018685726448893547, 0.015560824424028397, 0.022061821073293686, 0.003637764137238264, 0.009661988355219364, 0.008469308726489544, 0.010914379730820656, 0.03137924522161484, 0.01730051077902317, 0.010437325574457645, 0.018083686009049416, 0.044255878776311874, 0.023440321907401085, 0.025537950918078423, 0.036382392048835754, 0.02530682645738125, 0.022157467901706696, 0.036407891660928726, 0.0211293026804924, 0.02581264264881611, 0.03618492931127548, 0.01878824457526207, 0.03218070790171623, 0.027978038415312767, 0.021992143243551254, 0.0360979363322258, 0.02063046023249626, 0.021636681631207466, 0.017840176820755005, 0.02056201547384262, 0.03145619481801987, 0.02337712235748768, 0.025240683928132057, 0.04395274072885513, 0.02785131335258484, 0.014246338978409767, 0.015904245898127556, 0.019483981654047966, 0.012187225744128227, 0.01564825512468815, 0.017634477466344833, 0.03160149231553078, 0.04453687742352486, 0.023641090840101242, 0.014564833603799343, 0.04405675828456879, 0.018120450899004936, 0.019947458058595657, 0.04461447522044182, 0.02785407565534115, 0.016206035390496254, 0.023645777255296707, 0.031140491366386414, 0.008518105372786522, 0.03164028748869896, 0.009264912456274033, 0.006617960520088673, 0.004420044366270304, 0.01820014975965023, 0.01973937451839447, 0.020161854103207588, 0.03582208603620529, 0.018997518345713615, 0.020837971940636635, 0.016823623329401016, 0.023697374388575554, 0.028333690017461777, 0.020828714594244957, 0.015721801668405533, 0.03655226528644562, 0.02214517444372177]], "learned_reparam": {"mua_a": 0.5380572080612183, "mua_b": 0.4851742684841156, "b1_a": 0.755883514881134, "b1_b": 0.4075908362865448, "b2_a": 0.5135558247566223, "b2_b": 0.675035834312439, "m_a": [0.8536938428878784, 0.8357163667678833, 0.7659841775894165, 0.8217145204544067, 0.9063876867294312, 0.8823457956314087, 0.912160336971283, 0.8325501680374146, 0.903720498085022, 0.9250736236572266, 0.9263743162155151, 0.9086158275604248, 0.7467073202133179, 0.7373703718185425, 0.9478002786636353, 0.9021047353744507, 0.7817772626876831, 0.6654291749000549, 0.9669713973999023, 0.8652898669242859, 0.7983417510986328, 0.8570938110351562, 0.8207300901412964, 0.9534103274345398, 0.783023476600647, 0.9565521478652954, 0.789324164390564, 0.8638532161712646, 0.4773281514644623, 0.7751467227935791, 0.8600603938102722, 0.787962794303894, 0.8074359893798828, 0.8824871182441711, 0.9110981225967407, 0.9611731767654419, 0.8216909170150757, 0.8364533185958862, 0.9499702453613281, 0.795754075050354, 0.8343000411987305, 0.9545023441314697, 0.6418969631195068, 0.6518433690071106, 0.8969863653182983, 0.9192867279052734, 0.8414179086685181, 0.9498704671859741, 0.9515541195869446, 0.9658652544021606, 0.9577568769454956, 0.7332482933998108, 0.9006262421607971, 0.9327148199081421, 0.904742956161499, 0.5102976560592651, 0.8315201997756958, 0.8213551044464111, 0.6583489179611206, 0.8185603618621826, 0.8709442019462585, 0.6837517619132996, 0.8651772141456604, 0.7874116897583008, 0.6588137149810791, 0.8886401653289795, 0.7304067611694336, 0.7690429091453552, 0.8240178823471069, 0.6701606512069702, 0.8516758680343628, 0.8485983610153198, 0.9032670855522156, 0.8630419373512268, 0.7248403429985046, 0.8354555368423462, 0.82358717918396, 0.4996272325515747, 0.7856482267379761, 0.9358921051025391, 0.9034852981567383, 0.8854885697364807, 0.9011223316192627, 0.9307963848114014, 0.861842155456543, 0.727400004863739, 0.5092542171478271, 0.8555656671524048, 0.9332542419433594, 0.48906758427619934, 0.91695237159729, 0.8655022978782654, 0.4669831693172455, 0.7837086319923401, 0.9097152948379517, 0.8344841599464417, 0.7463622093200684, 0.9622256755828857, 0.7359755039215088, 0.9660700559616089, 0.9710662364959717, 0.9699608683586121, 0.893866777420044, 0.8898488283157349, 0.901828944683075, 0.6731750965118408, 0.896695077419281, 0.8697375655174255, 0.9051657319068909, 0.8584303259849548, 0.7783004641532898, 0.8852334022521973, 0.9238069653511047, 0.6390877962112427, 0.8536937236785889], "m_b": [0.23872417211532593, 0.24343478679656982, 0.20407873392105103, 0.24201759696006775, 0.2816659212112427, 0.27957701683044434, 0.2988617420196533, 0.25165632367134094, 0.28345343470573425, 0.31096893548965454, 0.4121226668357849, 0.30500566959381104, 0.17822492122650146, 0.17951998114585876, 0.36045676469802856, 0.28218886256217957, 0.20687910914421082, 0.15048271417617798, 0.438870906829834, 0.2629034221172333, 0.20053017139434814, 0.24975183606147766, 0.2201588749885559, 0.48105278611183167, 0.20140302181243896, 0.3932293951511383, 0.20404905080795288, 0.25328612327575684, 0.10913160443305969, 0.20608916878700256, 0.25011005997657776, 0.20359045267105103, 0.2426069974899292, 0.2661220133304596, 0.30115771293640137, 0.4093756675720215, 0.2561379075050354, 0.2227070927619934, 0.40801411867141724, 0.20709934830665588, 0.23705419898033142, 0.37722471356391907, 0.1481204628944397, 0.14962446689605713, 0.2865888476371765, 0.3226875364780426, 0.25297659635543823, 0.5668869614601135, 0.4110976457595825, 0.4341527819633484, 0.38926273584365845, 0.17932790517807007, 0.30190885066986084, 0.3972695469856262, 0.2931753993034363, 0.1092444360256195, 0.2405293583869934, 0.22275310754776, 0.1482008397579193, 0.224591463804245, 0.2521175146102905, 0.1480814516544342, 0.26180219650268555, 0.22033759951591492, 0.14938277006149292, 0.2855145335197449, 0.17377835512161255, 0.20358619093894958, 0.2536841630935669, 0.1499345898628235, 0.26669707894325256, 0.2570631504058838, 0.29590702056884766, 0.26739823818206787, 0.17884254455566406, 0.24119296669960022, 0.22527602314949036, 0.11052912473678589, 0.20450228452682495, 0.33959609270095825, 0.3184232711791992, 0.27823394536972046, 0.3689984083175659, 0.3214755654335022, 0.29810595512390137, 0.17776992917060852, 0.10802564024925232, 0.23876026272773743, 0.3354222774505615, 0.11007869243621826, 0.29272133111953735, 0.2735268473625183, 0.10770690441131592, 0.20444735884666443, 0.31471216678619385, 0.2387019693851471, 0.18090394139289856, 0.4332074224948883, 0.1775049865245819, 0.41872525215148926, 0.4758484363555908, 0.5391902327537537, 0.291797012090683, 0.2756774425506592, 0.27137356996536255, 0.15149149298667908, 0.2832721471786499, 0.26475468277931213, 0.3075191378593445, 0.23826035857200623, 0.2009046971797943, 0.2647606134414673, 0.32067281007766724, 0.14720062911510468, 0.2522326111793518]}}