{"elbo": -2445.54296875, "estimated_elbo_std": 0.07923081517219543, "learning_rate": 0.01, "initial_step_size": [0.005867097992449999, 0.009224355220794678, 0.0015417312970384955, [0.02390299364924431, 0.023773370310664177, 0.027994293719530106, 0.02371274307370186, 0.01892421580851078, 0.01880733110010624, 0.0180588997900486, 0.022020090371370316, 0.01878340356051922, 0.016492463648319244, 0.009887066669762135, 0.0173345934599638, 0.031181741505861282, 0.031032562255859375, 0.012493039481341839, 0.018805112689733505, 0.02764834836125374, 0.03624195605516434, 0.008224887773394585, 0.02063606306910515, 0.02804252877831459, 0.022318996489048004, 0.025488996878266335, 0.0064444164745509624, 0.027774393558502197, 0.01060924120247364, 0.027840975672006607, 0.022265132516622543, 0.044290218502283096, 0.02803908661007881, 0.022047903388738632, 0.0278101097792387, 0.02346879243850708, 0.020617486909031868, 0.017412148416042328, 0.009909736923873425, 0.022214500233530998, 0.025380786508321762, 0.009593159891664982, 0.027912186458706856, 0.023357076570391655, 0.011592012830078602, 0.036401327699422836, 0.03600054234266281, 0.019050173461437225, 0.015490243211388588, 0.02183685265481472, 0.0037343960721045732, 0.009806408546864986, 0.008908342570066452, 0.010841724462807178, 0.031726837158203125, 0.017209002748131752, 0.010530038736760616, 0.018082987517118454, 0.04410086199641228, 0.023734726011753082, 0.025811705738306046, 0.03612575680017471, 0.0256719421595335, 0.02199544571340084, 0.03620534762740135, 0.020753948017954826, 0.025734832510352135, 0.03619362413883209, 0.018990257754921913, 0.031191082671284676, 0.028114821761846542, 0.022182628512382507, 0.03601249307394028, 0.020731579512357712, 0.0221954844892025, 0.0178684014827013, 0.021070653572678566, 0.03105950728058815, 0.023721968755126, 0.02543090283870697, 0.04441456496715546, 0.028121009469032288, 0.014368297532200813, 0.01616022363305092, 0.01957082375884056, 0.012382195331156254, 0.015589525923132896, 0.0172769445925951, 0.030793514102697372, 0.04381177946925163, 0.023795410990715027, 0.014740243554115295, 0.044548191130161285, 0.017904754728078842, 0.019913777709007263, 0.04454345256090164, 0.02796240895986557, 0.01668984815478325, 0.02351178042590618, 0.031219813972711563, 0.00881543755531311, 0.03125818818807602, 0.008922690525650978, 0.006532569415867329, 0.004350530449301004, 0.018106352537870407, 0.01986502669751644, 0.019494784995913506, 0.0360686369240284, 0.018601788207888603, 0.020712878555059433, 0.016706401482224464, 0.02331448905169964, 0.027947593480348587, 0.02087268978357315, 0.01565689407289028, 0.03583556041121483, 0.02211492881178856]], "learned_reparam": null}