{"elbo": -2445.549072265625, "estimated_elbo_std": 0.0660666823387146, "learning_rate": 0.005, "initial_step_size": [0.005839410237967968, 0.009168540127575397, 0.0015619214391335845, [0.023700740188360214, 0.023616893216967583, 0.027881260961294174, 0.023408757522702217, 0.01879996247589588, 0.018805069848895073, 0.01798469014465809, 0.021940864622592926, 0.018841642886400223, 0.016595955938100815, 0.009797701612114906, 0.017350316047668457, 0.03134951740503311, 0.031296588480472565, 0.012568996287882328, 0.018844585865736008, 0.027953578159213066, 0.03607509285211563, 0.008218009024858475, 0.020915836095809937, 0.027825377881526947, 0.022094454616308212, 0.025607336312532425, 0.006386754103004932, 0.02792847715318203, 0.010618400759994984, 0.028087913990020752, 0.022140808403491974, 0.044484540820121765, 0.028008712455630302, 0.022204088047146797, 0.027931492775678635, 0.023675892502069473, 0.02076130360364914, 0.017308972775936127, 0.00978575088083744, 0.022074375301599503, 0.025366688147187233, 0.009600277990102768, 0.027969401329755783, 0.023615919053554535, 0.011584850959479809, 0.035968124866485596, 0.03610209748148918, 0.018850719556212425, 0.015518171712756157, 0.022124232724308968, 0.00378814828582108, 0.009725939482450485, 0.008808540180325508, 0.010856700129806995, 0.03124692477285862, 0.017367715016007423, 0.010564818046987057, 0.018038777634501457, 0.044098034501075745, 0.02359790727496147, 0.025490552186965942, 0.03626645728945732, 0.025638369843363762, 0.022068394348025322, 0.0360143780708313, 0.020678170025348663, 0.025633851066231728, 0.03583773598074913, 0.018837425857782364, 0.031154129654169083, 0.02808248996734619, 0.022120503708720207, 0.035917360335588455, 0.020857883617281914, 0.02202538028359413, 0.018004601821303368, 0.020917292684316635, 0.031122170388698578, 0.023783694952726364, 0.025668004527688026, 0.04422522336244583, 0.02790967747569084, 0.014243620447814465, 0.016252785921096802, 0.019671054556965828, 0.012302707880735397, 0.015542312525212765, 0.01723489724099636, 0.031271785497665405, 0.04415811225771904, 0.02371860481798649, 0.014672891236841679, 0.044219084084033966, 0.017991747707128525, 0.01975988782942295, 0.044235240668058395, 0.02790963090956211, 0.016719652339816093, 0.023732952773571014, 0.03121703676879406, 0.008822930045425892, 0.031145712360739708, 0.008982062339782715, 0.006508182734251022, 0.0043392847292125225, 0.018061600625514984, 0.019742624834179878, 0.01986486278474331, 0.0360209196805954, 0.018732553347945213, 0.020768336951732635, 0.01662723906338215, 0.023688174784183502, 0.028007052838802338, 0.02076651342213154, 0.015633825212717056, 0.03619367629289627, 0.022239910438656807]], "learned_reparam": null}