{"elbo": -2445.59326171875, "estimated_elbo_std": 0.09034647792577744, "learning_rate": 0.01, "initial_step_size": [0.005880302749574184, 0.009199196472764015, 0.0015485347248613834, [0.023487767204642296, 0.023909203708171844, 0.027895452454686165, 0.023930519819259644, 0.018763093277812004, 0.019054759293794632, 0.018037447705864906, 0.0220388974994421, 0.018767099827528, 0.016695359721779823, 0.009800447151064873, 0.017070313915610313, 0.03104926273226738, 0.03141322359442711, 0.012365007773041725, 0.018712321296334267, 0.028103813529014587, 0.03660271689295769, 0.008263550698757172, 0.020696192979812622, 0.02773992531001568, 0.021906118839979172, 0.025532400235533714, 0.00639858515933156, 0.028088901191949844, 0.010547078214585781, 0.028343841433525085, 0.022035645321011543, 0.04437447339296341, 0.02788458950817585, 0.021894289180636406, 0.02800598554313183, 0.023925362154841423, 0.02063407003879547, 0.017212137579917908, 0.009752372279763222, 0.022339101880788803, 0.025927549228072166, 0.009432419203221798, 0.027871200814843178, 0.023835569620132446, 0.011595119722187519, 0.03644149750471115, 0.03586973994970322, 0.018977539613842964, 0.015586727298796177, 0.022101229056715965, 0.0037865284830331802, 0.009778660722076893, 0.008796249516308308, 0.01071538869291544, 0.031189043074846268, 0.01744461990892887, 0.010581822134554386, 0.01809615269303322, 0.044346511363983154, 0.023859504610300064, 0.025527438148856163, 0.035835348069667816, 0.025468338280916214, 0.022326383739709854, 0.036202408373355865, 0.020861048251390457, 0.025692982599139214, 0.03587165102362633, 0.018761003389954567, 0.03148584067821503, 0.027969643473625183, 0.02174953557550907, 0.03597557544708252, 0.020545050501823425, 0.022192496806383133, 0.01797555387020111, 0.020891381427645683, 0.031376324594020844, 0.023691194131970406, 0.025264114141464233, 0.043780021369457245, 0.027861427515745163, 0.0142259756103158, 0.01612367108464241, 0.019700057804584503, 0.012364573776721954, 0.01517500076442957, 0.017285307869315147, 0.03130931407213211, 0.04465210437774658, 0.023857485502958298, 0.01488026138395071, 0.04450879618525505, 0.018131108954548836, 0.019739875569939613, 0.043959200382232666, 0.028097443282604218, 0.01701193116605282, 0.023636503145098686, 0.03140629455447197, 0.008805382065474987, 0.030878400430083275, 0.008895406499505043, 0.0065799858421087265, 0.004327119793742895, 0.017955221235752106, 0.01989375613629818, 0.019943248480558395, 0.03591156378388405, 0.018902789801359177, 0.020824061706662178, 0.016596904024481773, 0.023666050285100937, 0.027831371873617172, 0.02085823006927967, 0.015775887295603752, 0.036019302904605865, 0.022387543693184853]], "learned_reparam": null}