{"elbo": -2448.424072265625, "estimated_elbo_std": 0.11052191257476807, "learning_rate": 0.01, "initial_step_size": [0.0014684891793876886, 0.0021781267132610083, 0.0015610712580382824, [0.023688917979598045, 0.02349860779941082, 0.027735546231269836, 0.023574264720082283, 0.018703019246459007, 0.018988074734807014, 0.017979219555854797, 0.022111084312200546, 0.018773799762129784, 0.016692906618118286, 0.009828426875174046, 0.017409339547157288, 0.031063269823789597, 0.03146505728363991, 0.012657091952860355, 0.01870482601225376, 0.02805517241358757, 0.03574234992265701, 0.008284606039524078, 0.02058466151356697, 0.027893278747797012, 0.022114934399724007, 0.02565273456275463, 0.006454369053244591, 0.02822159230709076, 0.010627968236804008, 0.027931954711675644, 0.02202647551894188, 0.044008105993270874, 0.027947552502155304, 0.022166535258293152, 0.028095480054616928, 0.023804742842912674, 0.02087090164422989, 0.01719931699335575, 0.00975473690778017, 0.021945895627141, 0.025646556168794632, 0.009483525529503822, 0.028400275856256485, 0.02340116538107395, 0.011557795107364655, 0.03598173335194588, 0.0357527956366539, 0.018920429050922394, 0.015555412508547306, 0.0219699889421463, 0.0037731328047811985, 0.009763029403984547, 0.008842711336910725, 0.010787579230964184, 0.03153662383556366, 0.017341334372758865, 0.010652483440935612, 0.01784312166273594, 0.04428120329976082, 0.023618124425411224, 0.025234287604689598, 0.03601058945059776, 0.02548205852508545, 0.021902425214648247, 0.03604825586080551, 0.02066188119351864, 0.025630440562963486, 0.0359983891248703, 0.018756471574306488, 0.03100200556218624, 0.028018686920404434, 0.022116251289844513, 0.0360204353928566, 0.02102731540799141, 0.02233833447098732, 0.017912140116095543, 0.020853757858276367, 0.031157534569501877, 0.02340635471045971, 0.02510618418455124, 0.04448613524436951, 0.027977710589766502, 0.014365443959832191, 0.016118524596095085, 0.01971389725804329, 0.012353850528597832, 0.015769867226481438, 0.017398161813616753, 0.031554460525512695, 0.04465491324663162, 0.023950163275003433, 0.014854488894343376, 0.04427996277809143, 0.017795316874980927, 0.019777590408921242, 0.0443117618560791, 0.028427310287952423, 0.016912883147597313, 0.02385961264371872, 0.031136151403188705, 0.008852004073560238, 0.031302694231271744, 0.0088188536465168, 0.00651434576138854, 0.004371424205601215, 0.01818755827844143, 0.019662242382764816, 0.019896801561117172, 0.036063436418771744, 0.01874750293791294, 0.02074127271771431, 0.016681650653481483, 0.02343956008553505, 0.02793898433446884, 0.020785173401236534, 0.015677740797400475, 0.03588103502988815, 0.022067755460739136]], "learned_reparam": null}