{"elbo": -3652.892578125, "estimated_elbo_std": 0.06275109946727753, "learning_rate": 0.005, "initial_step_size": [0.007501406595110893, 0.00857597403228283, 0.001470432267524302, [0.01276319194585085, 0.007543564308434725, 0.003884151577949524, 0.013122392818331718, 0.011931647546589375, 0.00571043835952878, 0.008818122558295727, 0.016017189249396324, 0.007650126237422228, 0.007021924946457148, 0.009951210580766201, 0.008342689834535122, 0.01065931934863329, 0.012021641246974468, 0.016248678788542747, 0.009792936965823174, 0.010856530629098415, 0.009869948029518127, 0.009198932908475399, 0.0063233887776732445, 0.009519383311271667, 0.02548253908753395, 0.014373117126524448, 0.0130953723564744, 0.016739316284656525, 0.011722791008651257, 0.022258548066020012, 0.018766719847917557, 0.01330040954053402, 0.0091250566765666, 0.008859912864863873, 0.014720765873789787, 0.007311312016099691, 0.011588391847908497, 0.031140785664319992, 0.013708758167922497, 0.031185686588287354, 0.022137582302093506, 0.021938227117061615, 0.014699598774313927, 0.016081392765045166, 0.025457512587308884, 0.0074696410447359085, 0.008304747752845287, 0.013263330794870853, 0.012706078588962555, 0.005707398522645235, 0.01165078952908516, 0.015591208823025227, 0.018735302612185478, 0.008395358920097351, 0.02369472198188305, 0.011990099214017391, 0.015637753531336784, 0.023456010967493057, 0.0055891782976686954, 0.020841972902417183, 0.01720709167420864, 0.01090368814766407, 0.02373482473194599, 0.04418002441525459, 0.013645646162331104, 0.011406069621443748, 0.02083602547645569, 0.015515713021159172, 0.00922467652708292, 0.011002783663570881, 0.017344731837511063]], "learned_reparam": null}