{"elbo": -3653.07958984375, "estimated_elbo_std": 0.10342630743980408, "learning_rate": 0.05, "initial_step_size": [0.0076209488324820995, 0.00840715505182743, 0.0014225071063265204, [0.012795960530638695, 0.007685035467147827, 0.003899721195921302, 0.013182240538299084, 0.012082594446837902, 0.00540557224303484, 0.00864529237151146, 0.016077935695648193, 0.007736793253570795, 0.006910724099725485, 0.01037596631795168, 0.008402022533118725, 0.010519563220441341, 0.011559020727872849, 0.01643499545753002, 0.009585701860487461, 0.011104953475296497, 0.0095871202647686, 0.009532357566058636, 0.006197423208504915, 0.00966765359044075, 0.025965407490730286, 0.014489376917481422, 0.012729707174003124, 0.017184292897582054, 0.01149046327918768, 0.021741513162851334, 0.018998224288225174, 0.013375223614275455, 0.00907608587294817, 0.009044356644153595, 0.014637166634202003, 0.007294487673789263, 0.011561033315956593, 0.03192026540637016, 0.014179330319166183, 0.03165978938341141, 0.0224936343729496, 0.022779641672968864, 0.01494003925472498, 0.01624433510005474, 0.025524184107780457, 0.007687275297939777, 0.00864433217793703, 0.014048771001398563, 0.012817157432436943, 0.005672761704772711, 0.011272547766566277, 0.014775673858821392, 0.01852330192923546, 0.00839769747108221, 0.024023381993174553, 0.012238697148859501, 0.015287072397768497, 0.02340855821967125, 0.005854615941643715, 0.020043736323714256, 0.016670536249876022, 0.010279802605509758, 0.0243062824010849, 0.04319266229867935, 0.014247031882405281, 0.011308837682008743, 0.021070802584290504, 0.015756092965602875, 0.009333867579698563, 0.011046872474253178, 0.0165870264172554]], "learned_reparam": {"mua_a": 0.5, "mua_b": 0.5, "b1_a": 0.5, "b1_b": 0.5, "b2_a": 0.5, "b2_b": 0.5, "m_a": [0.9437410831451416, 0.9564780592918396, 0.9624484777450562, 0.9407946467399597, 0.9429489374160767, 0.9578449726104736, 0.9609419107437134, 0.9109538197517395, 0.9393260478973389, 0.9604182243347168, 0.9569745063781738, 0.9568991661071777, 0.943581223487854, 0.9418010711669922, 0.9130461812019348, 0.9429541826248169, 0.9457420110702515, 0.9470120668411255, 0.9508687257766724, 0.9558588266372681, 0.9521763324737549, 0.8502728939056396, 0.9349712133407593, 0.9199829697608948, 0.9217188358306885, 0.9404698610305786, 0.8737578392028809, 0.8839539289474487, 0.94162917137146, 0.9145406484603882, 0.9320881366729736, 0.9291201829910278, 0.9579302668571472, 0.9414565563201904, 0.757775604724884, 0.9260227084159851, 0.7483026385307312, 0.8721846342086792, 0.8769725561141968, 0.9317548274993896, 0.9214431047439575, 0.8401333093643188, 0.9360747933387756, 0.9546794891357422, 0.8796325922012329, 0.9165639877319336, 0.9579222202301025, 0.9328775405883789, 0.9328485727310181, 0.9080179929733276, 0.9591718912124634, 0.8583154678344727, 0.9127829074859619, 0.926360011100769, 0.8644107580184937, 0.9624159336090088, 0.8885926008224487, 0.9051738977432251, 0.936242401599884, 0.8526140451431274, 0.4716874361038208, 0.9349545240402222, 0.9456021785736084, 0.8813376426696777, 0.9192388653755188, 0.9523501396179199, 0.9524812698364258, 0.912284255027771], "m_b": [0.5, 0.5, 0.5, 0.5, 0.5, 0.5, 0.5, 0.5, 0.5, 0.5, 0.5, 0.5, 0.5, 0.5, 0.5, 0.5, 0.5, 0.5, 0.5, 0.5, 0.5, 0.5, 0.5, 0.5, 0.5, 0.5, 0.5, 0.5, 0.5, 0.5, 0.5, 0.5, 0.5, 0.5, 0.5, 0.5, 0.5, 0.5, 0.5, 0.5, 0.5, 0.5, 0.5, 0.5, 0.5, 0.5, 0.5, 0.5, 0.5, 0.5, 0.5, 0.5, 0.5, 0.5, 0.5, 0.5, 0.5, 0.5, 0.5, 0.5, 0.5, 0.5, 0.5, 0.5, 0.5, 0.5, 0.5, 0.5]}}