{"elbo": -3653.0439453125, "estimated_elbo_std": 0.07769634574651718, "learning_rate": 0.05, "initial_step_size": [0.0074389176443219185, 0.009264654479920864, 0.0014722006162628531, [0.012817248702049255, 0.0077212355099618435, 0.003829395631328225, 0.012709902599453926, 0.012124964967370033, 0.005544999614357948, 0.009195132181048393, 0.016236791387200356, 0.007500521373003721, 0.00694268150255084, 0.010349416173994541, 0.00818200409412384, 0.010800442658364773, 0.012003215961158276, 0.016271032392978668, 0.009599370881915092, 0.010755898430943489, 0.009868471883237362, 0.009187646210193634, 0.0064156255684792995, 0.00917060486972332, 0.026061082258820534, 0.014972162432968616, 0.013209465891122818, 0.016833839938044548, 0.012078240513801575, 0.022886989638209343, 0.0188255924731493, 0.013440814800560474, 0.009164614602923393, 0.009114895947277546, 0.01502380333840847, 0.007258251775056124, 0.01153858844190836, 0.030667901039123535, 0.01308019831776619, 0.031525518745183945, 0.022729352116584778, 0.02175058238208294, 0.014011180959641933, 0.015662305057048798, 0.025538193061947823, 0.0076153818517923355, 0.0085412273183465, 0.01329639833420515, 0.013033747673034668, 0.00565405422821641, 0.011509088799357414, 0.01600942201912403, 0.018532276153564453, 0.00834403932094574, 0.023640714585781097, 0.011943052522838116, 0.016069132834672928, 0.02338336780667305, 0.005607237573713064, 0.021584458649158478, 0.017116012051701546, 0.010709594935178757, 0.02311023697257042, 0.04251893609762192, 0.013985411264002323, 0.011486123315989971, 0.02076970413327217, 0.015598878264427185, 0.009323027916252613, 0.010839481838047504, 0.017327021807432175]], "learned_reparam": {"mua_a": 0.5, "mua_b": 0.5, "b1_a": 0.5, "b1_b": 0.5, "b2_a": 0.5, "b2_b": 0.5, "m_a": [0.9419904351234436, 0.9555196762084961, 0.9626691341400146, 0.9389269351959229, 0.9417402744293213, 0.9574947357177734, 0.9602971076965332, 0.916841447353363, 0.9402327537536621, 0.9618475437164307, 0.9559286236763, 0.9575786590576172, 0.9423259496688843, 0.9452880024909973, 0.9163714647293091, 0.9436243772506714, 0.9457842111587524, 0.947668194770813, 0.9523423314094543, 0.9557356834411621, 0.9533321261405945, 0.8381252884864807, 0.9342300295829773, 0.9186917543411255, 0.9173725843429565, 0.9443045854568481, 0.8690099716186523, 0.8857028484344482, 0.9428697228431702, 0.9119043350219727, 0.9321568012237549, 0.9283484220504761, 0.9583373069763184, 0.9444848299026489, 0.7593255043029785, 0.9258770942687988, 0.7133936285972595, 0.8742109537124634, 0.8759714365005493, 0.9317648410797119, 0.9197673797607422, 0.8356723785400391, 0.9362310171127319, 0.9553271532058716, 0.882190465927124, 0.9160120487213135, 0.9572948217391968, 0.9352765083312988, 0.9318336248397827, 0.9021916389465332, 0.9582029581069946, 0.8648270964622498, 0.9135295152664185, 0.9271422624588013, 0.8676522970199585, 0.9632595777511597, 0.8961906433105469, 0.9076677560806274, 0.933747410774231, 0.8511812686920166, 0.5053892731666565, 0.9395042657852173, 0.9448169469833374, 0.8731086254119873, 0.9277570247650146, 0.9543304443359375, 0.9522006511688232, 0.9121838808059692], "m_b": [0.5, 0.5, 0.5, 0.5, 0.5, 0.5, 0.5, 0.5, 0.5, 0.5, 0.5, 0.5, 0.5, 0.5, 0.5, 0.5, 0.5, 0.5, 0.5, 0.5, 0.5, 0.5, 0.5, 0.5, 0.5, 0.5, 0.5, 0.5, 0.5, 0.5, 0.5, 0.5, 0.5, 0.5, 0.5, 0.5, 0.5, 0.5, 0.5, 0.5, 0.5, 0.5, 0.5, 0.5, 0.5, 0.5, 0.5, 0.5, 0.5, 0.5, 0.5, 0.5, 0.5, 0.5, 0.5, 0.5, 0.5, 0.5, 0.5, 0.5, 0.5, 0.5, 0.5, 0.5, 0.5, 0.5, 0.5, 0.5]}}