{"elbo": -3653.053955078125, "estimated_elbo_std": 0.07346367090940475, "learning_rate": 0.05, "initial_step_size": [0.007607539650052786, 0.008941303938627243, 0.0014816344482824206, [0.01222413033246994, 0.00727230915799737, 0.0035935654304921627, 0.012674200348556042, 0.011411839164793491, 0.0060473354533314705, 0.008383648470044136, 0.01642431877553463, 0.007972235791385174, 0.007076619192957878, 0.009980443865060806, 0.008228518068790436, 0.01134671550244093, 0.013315930031239986, 0.01609739288687706, 0.009835313074290752, 0.010844923555850983, 0.009381849318742752, 0.009520027786493301, 0.00623983982950449, 0.00978731270879507, 0.025658175349235535, 0.014139445498585701, 0.013644427061080933, 0.016836386173963547, 0.011916270479559898, 0.022946933284401894, 0.0191480852663517, 0.013726004399359226, 0.009653263725340366, 0.008285886608064175, 0.015270931646227837, 0.007611624896526337, 0.011222089640796185, 0.03091207519173622, 0.013291709125041962, 0.03165599703788757, 0.022795474156737328, 0.02371886745095253, 0.014854377135634422, 0.016674891114234924, 0.02501080371439457, 0.007929505780339241, 0.0079147694632411, 0.012906411662697792, 0.013024406507611275, 0.005934754386544228, 0.011818385683000088, 0.015133966691792011, 0.019039085134863853, 0.008286774158477783, 0.024020085111260414, 0.012211988680064678, 0.016060976311564445, 0.024837365373969078, 0.005380129907280207, 0.02223530039191246, 0.017663661390542984, 0.011234726756811142, 0.02480819821357727, 0.04515581950545311, 0.013770025223493576, 0.01190027967095375, 0.020190324634313583, 0.014886192046105862, 0.009202943183481693, 0.011342843063175678, 0.01660124585032463]], "learned_reparam": {"mua_a": 0.8358319401741028, "mua_b": 0.4583117365837097, "b1_a": 0.3227345049381256, "b1_b": 0.4335501790046692, "b2_a": 0.19567713141441345, "b2_b": 0.6946021914482117, "m_a": [0.9518667459487915, 0.9678092002868652, 0.9730172753334045, 0.9423494338989258, 0.9541940689086914, 0.9748961925506592, 0.9620641469955444, 0.923201322555542, 0.9671053886413574, 0.9649510383605957, 0.9640818238258362, 0.9622201919555664, 0.9623419046401978, 0.9534647464752197, 0.9348717331886292, 0.9640198945999146, 0.9535253047943115, 0.9675710201263428, 0.9658468961715698, 0.9746084213256836, 0.960617184638977, 0.8375108242034912, 0.9434046745300293, 0.9446650743484497, 0.9157583713531494, 0.9572176933288574, 0.8671945929527283, 0.8978099822998047, 0.9422568082809448, 0.9558576941490173, 0.9649854898452759, 0.9373230934143066, 0.964745044708252, 0.9582757353782654, 0.757453441619873, 0.9449295997619629, 0.7463129758834839, 0.8678908348083496, 0.8650165796279907, 0.9417032599449158, 0.9227705001831055, 0.8215613961219788, 0.9623303413391113, 0.9637962579727173, 0.9404526948928833, 0.9474339485168457, 0.9681054353713989, 0.9575722217559814, 0.9283219575881958, 0.8986098170280457, 0.9704642295837402, 0.8377654552459717, 0.9527699947357178, 0.9314432144165039, 0.8489911556243896, 0.9739691019058228, 0.8780486583709717, 0.9211810231208801, 0.9587849378585815, 0.8409647345542908, 0.483924925327301, 0.9450356364250183, 0.9569385051727295, 0.8800694346427917, 0.9253332018852234, 0.9604625701904297, 0.9573805332183838, 0.9153355360031128], "m_b": [0.3596607446670532, 0.4831065237522125, 0.6062308549880981, 0.3527529537677765, 0.37595948576927185, 0.5252429842948914, 0.44825491309165955, 0.29106834530830383, 0.4616493880748749, 0.49345457553863525, 0.41140758991241455, 0.45762553811073303, 0.38449013233184814, 0.34877797961235046, 0.29791951179504395, 0.4143702983856201, 0.391604483127594, 0.4238356351852417, 0.4256441295146942, 0.5118738412857056, 0.4172741770744324, 0.1901528537273407, 0.3273214101791382, 0.33982983231544495, 0.2881739139556885, 0.3711055815219879, 0.21752864122390747, 0.25825995206832886, 0.33751392364501953, 0.4196593761444092, 0.4495484530925751, 0.3110668659210205, 0.47479447722435, 0.38219454884529114, 0.150164395570755, 0.3426358699798584, 0.14454704523086548, 0.2188301384449005, 0.2081022560596466, 0.3157939314842224, 0.2894096076488495, 0.1950509250164032, 0.46042007207870483, 0.46411052346229553, 0.3503303527832031, 0.3501177430152893, 0.5259079933166504, 0.37254631519317627, 0.31136399507522583, 0.2566910982131958, 0.4510601758956909, 0.20583146810531616, 0.3650847375392914, 0.3004794120788574, 0.19157955050468445, 0.546760082244873, 0.22469401359558105, 0.2764561176300049, 0.3852764666080475, 0.19423750042915344, 0.08152610063552856, 0.33635929226875305, 0.3718854486942291, 0.24249997735023499, 0.31644368171691895, 0.430629163980484, 0.3828660249710083, 0.28870952129364014]}}