{"elbo": -3652.8447265625, "estimated_elbo_std": 0.06969036906957626, "learning_rate": 0.005, "initial_step_size": [0.007614412344992161, 0.008724513463675976, 0.001476071891374886, [0.01272744033485651, 0.007470381446182728, 0.003908610437065363, 0.013041029684245586, 0.01211650762706995, 0.005728313233703375, 0.00885475892573595, 0.016125576570630074, 0.007634124718606472, 0.007004722952842712, 0.01005061436444521, 0.00828625075519085, 0.010715237818658352, 0.012028537690639496, 0.016114557161927223, 0.009777086786925793, 0.010785272344946861, 0.009767362847924232, 0.009137147106230259, 0.006324344780296087, 0.009523222222924232, 0.02548808418214321, 0.014349420554935932, 0.012966552749276161, 0.0167829729616642, 0.011679801158607006, 0.02217201143503189, 0.018900439143180847, 0.013348130509257317, 0.009194720536470413, 0.008911792188882828, 0.014551307074725628, 0.007371187675744295, 0.011757289059460163, 0.03122994862496853, 0.013615818694233894, 0.03136388957500458, 0.02221757546067238, 0.022156307473778725, 0.014725222252309322, 0.01606849394738674, 0.025611471384763718, 0.007461270783096552, 0.008231987245380878, 0.013305757194757462, 0.012604047544300556, 0.005718108266592026, 0.011636664159595966, 0.01565740443766117, 0.01898304373025894, 0.008323239162564278, 0.023531457409262657, 0.012094083242118359, 0.015696516260504723, 0.023609453812241554, 0.005559070501476526, 0.020744042471051216, 0.017367100343108177, 0.010817302390933037, 0.02370995283126831, 0.044210609048604965, 0.013603270053863525, 0.011417683213949203, 0.020858047530055046, 0.01554879080504179, 0.009179496206343174, 0.010990818031132221, 0.017402302473783493]], "learned_reparam": null}