{"elbo": -3652.884521484375, "estimated_elbo_std": 0.06731929630041122, "learning_rate": 0.005, "initial_step_size": [0.007504697423428297, 0.008641756139695644, 0.0014781166100874543, [0.012692105956375599, 0.007441391237080097, 0.003925265744328499, 0.013010530732572079, 0.011994176544249058, 0.005702203139662743, 0.008860979229211807, 0.016071956604719162, 0.007684126030653715, 0.007033050991594791, 0.010031942278146744, 0.008302509784698486, 0.010621902532875538, 0.012032574974000454, 0.01617576740682125, 0.009737289510667324, 0.01081524696201086, 0.009710575453937054, 0.009106981568038464, 0.006301688961684704, 0.009559249505400658, 0.02559850364923477, 0.014269349165260792, 0.012997617945075035, 0.016623076051473618, 0.0116417296230793, 0.022080253809690475, 0.018887590616941452, 0.013309593312442303, 0.00927666574716568, 0.008848958648741245, 0.014642961323261261, 0.0073761404491961, 0.01165782567113638, 0.03134867548942566, 0.01368001475930214, 0.031275197863578796, 0.02206379361450672, 0.02209867723286152, 0.014829541556537151, 0.016119491308927536, 0.02535397559404373, 0.007473548408597708, 0.008249109610915184, 0.01326395757496357, 0.012688486836850643, 0.0057173739187419415, 0.011586225591599941, 0.015617056749761105, 0.01888900063931942, 0.00838757399469614, 0.023768477141857147, 0.012084000743925571, 0.015591070055961609, 0.023574575781822205, 0.005556827876716852, 0.020832620561122894, 0.01731506735086441, 0.010850092396140099, 0.023717988282442093, 0.044445790350437164, 0.013629808090627193, 0.011358910240232944, 0.02084982953965664, 0.015674244612455368, 0.009170862846076488, 0.01112535409629345, 0.017313947901129723]], "learned_reparam": null}