{"elbo": -3652.890380859375, "estimated_elbo_std": 0.07192247360944748, "learning_rate": 0.005, "initial_step_size": [0.007490800227969885, 0.008590612560510635, 0.0014752568677067757, [0.012748781591653824, 0.007491467520594597, 0.0038931830786168575, 0.013070032000541687, 0.011965402401983738, 0.005704195704311132, 0.008851124905049801, 0.016160432249307632, 0.007604300044476986, 0.007031273562461138, 0.00999362114816904, 0.008276618085801601, 0.010660889558494091, 0.012129020877182484, 0.01616774871945381, 0.009717808105051517, 0.010768504813313484, 0.00973157025873661, 0.009085569530725479, 0.006297270301729441, 0.009566141292452812, 0.025676172226667404, 0.014285820536315441, 0.013066043145954609, 0.01661458984017372, 0.011616078205406666, 0.022018136456608772, 0.0189196914434433, 0.01334328018128872, 0.009167684242129326, 0.008866255171597004, 0.01476876251399517, 0.007415947504341602, 0.01160088088363409, 0.031342558562755585, 0.013559569604694843, 0.031279973685741425, 0.02210838533937931, 0.02210203930735588, 0.014637095853686333, 0.01617773436009884, 0.025487514212727547, 0.007463664282113314, 0.008292580023407936, 0.013307539746165276, 0.012771282345056534, 0.005699917674064636, 0.011646578088402748, 0.015580247156322002, 0.018942128866910934, 0.008341040462255478, 0.023716621100902557, 0.0120465736836195, 0.015553217381238937, 0.02352437563240528, 0.0055712503381073475, 0.02095666341483593, 0.017338087782263756, 0.010865316726267338, 0.023612482473254204, 0.04418644681572914, 0.01352236233651638, 0.011417701840400696, 0.02081454172730446, 0.015604479238390923, 0.009289497509598732, 0.010964966379106045, 0.01718132756650448]], "learned_reparam": null}