{"elbo": -3656.59130859375, "estimated_elbo_std": 0.08766453713178635, "learning_rate": 0.02, "initial_step_size": [0.0012910288060083985, 0.0014639623695984483, 0.001498574623838067, [0.012697402387857437, 0.007280941586941481, 0.0038779827300459146, 0.013057203963398933, 0.012111744843423367, 0.005658859387040138, 0.008794715628027916, 0.016044285148382187, 0.007649137172847986, 0.007171848323196173, 0.009972733445465565, 0.00837758556008339, 0.01070377603173256, 0.012319435365498066, 0.016132673248648643, 0.009612027555704117, 0.010876567102968693, 0.009717673994600773, 0.009264024905860424, 0.006207448896020651, 0.00948315393179655, 0.025797832757234573, 0.01438385434448719, 0.013089227490127087, 0.01654902845621109, 0.01170647144317627, 0.02159564383327961, 0.01907793991267681, 0.013381135649979115, 0.009136902168393135, 0.008757105097174644, 0.014790765009820461, 0.007017470430582762, 0.011397515423595905, 0.03068878874182701, 0.013454141095280647, 0.030795754864811897, 0.021906575188040733, 0.021478746086359024, 0.014653529040515423, 0.016082268208265305, 0.025516675785183907, 0.0076457420364022255, 0.00833087507635355, 0.013220827095210552, 0.012932801619172096, 0.005780357867479324, 0.011658573523163795, 0.015770630910992622, 0.018544234335422516, 0.008164641447365284, 0.023610403761267662, 0.012206388637423515, 0.01560376025736332, 0.02355348691344261, 0.005559329409152269, 0.020574210211634636, 0.01759597286581993, 0.010725606232881546, 0.023708323016762733, 0.04286009445786476, 0.013863506726920605, 0.011277580633759499, 0.021421095356345177, 0.01584760658442974, 0.0094098886474967, 0.010857369750738144, 0.01744324527680874]], "learned_reparam": null}