{"elbo": -7607.703125, "estimated_elbo_std": 0.07512171566486359, "learning_rate": 0.005, "initial_step_size": [0.008665479719638824, [0.062330760061740875, 0.011275801807641983, 0.062435343861579895, 0.009876984171569347, 0.012420069426298141, 0.003565606428310275, 0.010529926046729088, 0.01077825017273426, 0.020663240924477577, 0.04194774106144905, 0.00524120731279254, 0.00811010878533125, 0.06247376650571823, 0.020369593054056168, 0.00583598343655467, 0.008328749798238277, 0.011945256032049656, 0.011932299472391605, 0.009415118023753166, 0.010653362609446049, 0.01737372949719429, 0.008293010294437408, 0.006951348390430212, 0.006120207253843546, 0.008057912811636925, 0.010511931031942368, 0.007922390475869179, 0.02050757221877575, 0.012382972054183483, 0.024616124108433723, 0.02481892704963684, 0.006672875955700874, 0.012614953331649303, 0.00465969555079937, 0.007715954445302486, 0.016876181587576866, 0.005635940469801426, 0.011901341378688812, 0.011116460897028446, 0.0055730766616761684, 0.014788894914090633, 0.010381992906332016, 0.016392864286899567, 0.008128206245601177, 0.004952115472406149, 0.01726754568517208, 0.03224046155810356, 0.00803652498871088, 0.0069870296865701675, 0.01190557237714529, 0.006965845823287964], 0.005200100131332874, 0.001617102068848908], "learned_reparam": null}