{"elbo": -7607.751953125, "estimated_elbo_std": 0.06116626411676407, "learning_rate": 0.02, "initial_step_size": [0.009089486673474312, [0.06344661116600037, 0.01163516752421856, 0.062463827431201935, 0.009890131652355194, 0.012479562312364578, 0.003594762645661831, 0.010530825704336166, 0.010681742802262306, 0.020320426672697067, 0.043027687817811966, 0.005314486566931009, 0.008136612363159657, 0.06144462525844574, 0.02064775861799717, 0.005891667678952217, 0.00831299927085638, 0.011632668785750866, 0.011965439654886723, 0.009417540393769741, 0.010563603602349758, 0.017508652061223984, 0.008323141373693943, 0.006907241884618998, 0.006131265312433243, 0.008080543018877506, 0.010482082143425941, 0.007751623168587685, 0.02069539949297905, 0.012123816646635532, 0.024431705474853516, 0.02514713443815708, 0.006733613554388285, 0.012556089088320732, 0.004741774871945381, 0.007892269641160965, 0.01701873540878296, 0.005578978452831507, 0.012079278007149696, 0.011195509694516659, 0.005626251921057701, 0.014726570807397366, 0.010366050526499748, 0.016178814694285393, 0.008239105343818665, 0.004952831193804741, 0.017553115263581276, 0.03159217908978462, 0.00798090361058712, 0.006929398979991674, 0.01191834919154644, 0.006969098467379808], 0.0005033184424974024, 0.00042599221342243254], "learned_reparam": {"mua_a": 0.5, "mua_b": 0.5, "a_a": [0.04810279607772827, 0.9318467378616333, 0.05396738648414612, 0.9648640155792236, 0.9546502828598022, 0.9822206497192383, 0.9634692072868347, 0.9621429443359375, 0.8926619291305542, 0.570161759853363, 0.9718172550201416, 0.969109058380127, 0.04671701788902283, 0.8865064978599548, 0.9774588346481323, 0.9595135450363159, 0.9525200128555298, 0.9496760368347168, 0.9689291715621948, 0.9420878887176514, 0.9288169145584106, 0.9682662487030029, 0.9730736613273621, 0.9763827919960022, 0.9704564213752747, 0.9238231182098389, 0.9718641042709351, 0.8947156667709351, 0.9547175168991089, 0.8474277853965759, 0.8342909812927246, 0.976353108882904, 0.9562804698944092, 0.9787517786026001, 0.9688639640808105, 0.9266909956932068, 0.9736020565032959, 0.9586085081100464, 0.9567933082580566, 0.9794891476631165, 0.9317605495452881, 0.9427717924118042, 0.9289191961288452, 0.9536824226379395, 0.9787390828132629, 0.9009736776351929, 0.7376276254653931, 0.9499313831329346, 0.972764253616333, 0.9592932462692261, 0.9753691554069519], "a_b": [0.5, 0.5, 0.5, 0.5, 0.5, 0.5, 0.5, 0.5, 0.5, 0.5, 0.5, 0.5, 0.5, 0.5, 0.5, 0.5, 0.5, 0.5, 0.5, 0.5, 0.5, 0.5, 0.5, 0.5, 0.5, 0.5, 0.5, 0.5, 0.5, 0.5, 0.5, 0.5, 0.5, 0.5, 0.5, 0.5, 0.5, 0.5, 0.5, 0.5, 0.5, 0.5, 0.5, 0.5, 0.5, 0.5, 0.5, 0.5, 0.5, 0.5, 0.5], "b1_a": 0.5, "b1_b": 0.4988439679145813, "b2_a": 0.5, "b2_b": 0.7114388346672058}}