{"elbo": -7607.69677734375, "estimated_elbo_std": 0.05334760248661041, "learning_rate": 0.01, "initial_step_size": [0.009076045826077461, [0.062355685979127884, 0.011243993416428566, 0.06230495497584343, 0.010036766529083252, 0.012792430818080902, 0.0036096188705414534, 0.010612991638481617, 0.010724613443017006, 0.020410841330885887, 0.04156048223376274, 0.005174176301807165, 0.00794917531311512, 0.06233304366469383, 0.020825430750846863, 0.005795041564851999, 0.008554980158805847, 0.01184691023081541, 0.01219002716243267, 0.009372913278639317, 0.01058830413967371, 0.01719425991177559, 0.008171421475708485, 0.006935237441211939, 0.006069648545235395, 0.008187038823962212, 0.010327281430363655, 0.008077959530055523, 0.020495925098657608, 0.012664180248975754, 0.0247971061617136, 0.024860918521881104, 0.006806342862546444, 0.012778472155332565, 0.00460105249658227, 0.007645642850548029, 0.016422344371676445, 0.005795872304588556, 0.011798500083386898, 0.010727807879447937, 0.0056090750731527805, 0.014727482572197914, 0.010266290977597237, 0.01625920832157135, 0.007976071909070015, 0.004912085365504026, 0.017427662387490273, 0.032598547637462616, 0.008127955719828606, 0.006976683624088764, 0.011693271808326244, 0.007189133670181036], 0.0011594052193686366, 0.0005606963532045484], "learned_reparam": {"mua_a": 0.6656659841537476, "mua_b": 0.42086678743362427, "a_a": [0.04194420576095581, 0.9188129901885986, 0.04434758424758911, 0.9694066047668457, 0.9556667804718018, 0.9837597608566284, 0.9672986268997192, 0.9584494829177856, 0.8559145331382751, 0.8098945617675781, 0.9653682112693787, 0.9670440554618835, 0.0361996591091156, 0.8779857158660889, 0.9793756008148193, 0.9486314654350281, 0.8976774215698242, 0.9355068802833557, 0.9699162244796753, 0.9238587021827698, 0.9125379323959351, 0.9688104391098022, 0.9527367949485779, 0.9809424877166748, 0.9622542262077332, 0.9159880876541138, 0.9584875702857971, 0.8560671806335449, 0.9590386152267456, 0.8359854221343994, 0.8372098207473755, 0.9776023626327515, 0.9493519067764282, 0.9537453651428223, 0.9650654792785645, 0.9233700037002563, 0.9707825779914856, 0.9569594264030457, 0.9518259763717651, 0.975031852722168, 0.8559954166412354, 0.9268143177032471, 0.928966760635376, 0.9409659504890442, 0.9823445081710815, 0.8936728239059448, 0.7252103686332703, 0.9339088201522827, 0.9564048647880554, 0.9451835751533508, 0.9652226567268372], "a_b": [0.06687849760055542, 0.383811891078949, 0.06685453653335571, 0.40441444516181946, 0.3599836826324463, 0.568625807762146, 0.3943798243999481, 0.3924179971218109, 0.2687980532646179, 0.12128964066505432, 0.5148670077323914, 0.44513487815856934, 0.06686124205589294, 0.2649093270301819, 0.49759992957115173, 0.43262946605682373, 0.37423038482666016, 0.3689502477645874, 0.4165235757827759, 0.39465099573135376, 0.30315500497817993, 0.4403841197490692, 0.46859508752822876, 0.49013134837150574, 0.4401867687702179, 0.3992188572883606, 0.44261834025382996, 0.26807481050491333, 0.3618518114089966, 0.22879871726036072, 0.22838866710662842, 0.47137147188186646, 0.36016833782196045, 0.5331584811210632, 0.451637327671051, 0.3120535612106323, 0.49741631746292114, 0.3749704360961914, 0.3922719359397888, 0.5027438998222351, 0.3333592414855957, 0.40026479959487915, 0.31415611505508423, 0.4445945620536804, 0.5231649279594421, 0.30051106214523315, 0.17129909992218018, 0.4412699043750763, 0.4673198461532593, 0.3765575885772705, 0.4622454345226288], "b1_a": 0.71910160779953, "b1_b": 0.6740490794181824, "b2_a": 0.4699192941188812, "b2_b": 0.763880729675293}}