{"elbo": -7607.73046875, "estimated_elbo_std": 0.06305325776338577, "learning_rate": 0.02, "initial_step_size": [0.009191415272653103, [0.062156833708286285, 0.011315328069031239, 0.06196841225028038, 0.009932012297213078, 0.012674838304519653, 0.0036500266287475824, 0.010560092516243458, 0.010645433329045773, 0.02073921449482441, 0.041873250156641006, 0.0051470003090798855, 0.008053995668888092, 0.06324124336242676, 0.020577168092131615, 0.005882581230252981, 0.008339221589267254, 0.012029379606246948, 0.011831622570753098, 0.009450497105717659, 0.01061618234962225, 0.017680533230304718, 0.008417919278144836, 0.007030101493000984, 0.006068701855838299, 0.008059753105044365, 0.010416481643915176, 0.007815352641046047, 0.020656250417232513, 0.01238588709384203, 0.02466745860874653, 0.02521435357630253, 0.006541944108903408, 0.012747949920594692, 0.0046237255446612835, 0.008017837069928646, 0.01661648601293564, 0.0055729541927576065, 0.011760671623051167, 0.011221496388316154, 0.0056163230910897255, 0.015054694376885891, 0.010508259758353233, 0.016123555600643158, 0.007981887087225914, 0.004982407204806805, 0.017391331493854523, 0.032464951276779175, 0.008092928677797318, 0.006990487687289715, 0.011588837020099163, 0.007019307930022478], 0.0005313381552696228, 0.0004596160142682493], "learned_reparam": {"mua_a": 0.5, "mua_b": 0.5, "a_a": [0.050341784954071045, 0.9311006665229797, 0.045783817768096924, 0.9660077095031738, 0.953433096408844, 0.9818990230560303, 0.9621159434318542, 0.9601784944534302, 0.8983058929443359, 0.5469595193862915, 0.9716945290565491, 0.9681696891784668, 0.04937469959259033, 0.8851914405822754, 0.9768625497817993, 0.9598815441131592, 0.9562381505966187, 0.9460369944572449, 0.9679054021835327, 0.9394159913063049, 0.9234968423843384, 0.9682424664497375, 0.973476231098175, 0.975058913230896, 0.9707754850387573, 0.9264922142028809, 0.9738439321517944, 0.901010274887085, 0.9565137624740601, 0.852556586265564, 0.8395020961761475, 0.9775322079658508, 0.9536375403404236, 0.9795553088188171, 0.9671312570571899, 0.9202629923820496, 0.9737076759338379, 0.9578496217727661, 0.9595246315002441, 0.9787822365760803, 0.9286394715309143, 0.9441489577293396, 0.9341681003570557, 0.9538098573684692, 0.9781377911567688, 0.9005159139633179, 0.7520164251327515, 0.9498632550239563, 0.9729371666908264, 0.9566888213157654, 0.9757752418518066], "a_b": [0.5, 0.5, 0.5, 0.5, 0.5, 0.5, 0.5, 0.5, 0.5, 0.5, 0.5, 0.5, 0.5, 0.5, 0.5, 0.5, 0.5, 0.5, 0.5, 0.5, 0.5, 0.5, 0.5, 0.5, 0.5, 0.5, 0.5, 0.5, 0.5, 0.5, 0.5, 0.5, 0.5, 0.5, 0.5, 0.5, 0.5, 0.5, 0.5, 0.5, 0.5, 0.5, 0.5, 0.5, 0.5, 0.5, 0.5, 0.5, 0.5, 0.5, 0.5], "b1_a": 0.5, "b1_b": 0.501105785369873, "b2_a": 0.5, "b2_b": 0.7135500311851501}}