{"elbo": -7607.68212890625, "estimated_elbo_std": 0.052963100373744965, "learning_rate": 0.005, "initial_step_size": [0.008957503363490105, [0.06240031123161316, 0.011346963234245777, 0.062353067100048065, 0.009854129515588284, 0.012511754408478737, 0.003603758756071329, 0.010582935065031052, 0.010843352414667606, 0.020626021549105644, 0.04192618653178215, 0.005215825047343969, 0.008120067417621613, 0.062338292598724365, 0.020533014088869095, 0.005854547955095768, 0.008401136845350266, 0.011952481232583523, 0.011827521957457066, 0.00947225745767355, 0.010760188102722168, 0.017253007739782333, 0.008253666572272778, 0.006893297657370567, 0.006182563956826925, 0.00812764372676611, 0.010624844580888748, 0.007962618954479694, 0.020497310906648636, 0.012427465990185738, 0.02454955317080021, 0.02512337826192379, 0.006694875657558441, 0.012732873670756817, 0.004644051194190979, 0.0076929740607738495, 0.016781533136963844, 0.005702400114387274, 0.011730610392987728, 0.011083916760981083, 0.005527474917471409, 0.014855106361210346, 0.010387147776782513, 0.016390450298786163, 0.008119085803627968, 0.004905314184725285, 0.01723056472837925, 0.0322330966591835, 0.008083587512373924, 0.006950888317078352, 0.011927923187613487, 0.0070159584283828735], 0.005208292044699192, 0.0016027323435992002], "learned_reparam": null}