{"elbo": -7607.70849609375, "estimated_elbo_std": 0.07667718082666397, "learning_rate": 0.005, "initial_step_size": [0.008984288200736046, [0.062233902513980865, 0.011446208693087101, 0.06228092312812805, 0.009895632974803448, 0.012543893419206142, 0.0035964578855782747, 0.010517057031393051, 0.010812163352966309, 0.0206170491874218, 0.04207102581858635, 0.005260908510535955, 0.008187834173440933, 0.06243276596069336, 0.020472584292292595, 0.005902969744056463, 0.008367100730538368, 0.011883281171321869, 0.011931746266782284, 0.00940400455147028, 0.01073917280882597, 0.017310000956058502, 0.008337454870343208, 0.006971697323024273, 0.006186471786350012, 0.00802703108638525, 0.01053056214004755, 0.007901672273874283, 0.020526297390460968, 0.012501677498221397, 0.02449241653084755, 0.024951348081231117, 0.006620215717703104, 0.012561939656734467, 0.004665891174226999, 0.007745225448161364, 0.01684899441897869, 0.005701822228729725, 0.01180236041545868, 0.01110229641199112, 0.005509351380169392, 0.015055987983942032, 0.0103537542745471, 0.01650744304060936, 0.008139608427882195, 0.0049071600660681725, 0.01729286089539528, 0.03222331032156944, 0.00805180799216032, 0.007020500022917986, 0.01190806645900011, 0.006937780883163214], 5.2377978136064485e-05, 0.0016114533646032214], "learned_reparam": null}