{"elbo": -7607.697265625, "estimated_elbo_std": 0.04981043189764023, "learning_rate": 0.01, "initial_step_size": [0.008955308236181736, [0.06222876161336899, 0.011370358988642693, 0.06227929890155792, 0.009867199696600437, 0.012620712630450726, 0.003612929256632924, 0.01069781742990017, 0.010732841677963734, 0.02073041908442974, 0.04234478995203972, 0.005174810998141766, 0.008189494721591473, 0.06297269463539124, 0.020393947139382362, 0.005971692036837339, 0.008384798653423786, 0.011780926957726479, 0.012049037963151932, 0.009205768816173077, 0.010508889332413673, 0.01733851246535778, 0.008280077017843723, 0.006854658480733633, 0.006202199961990118, 0.008077118545770645, 0.010643146000802517, 0.007899926044046879, 0.020299004390835762, 0.012457462958991528, 0.02427118457853794, 0.02514505200088024, 0.006642857100814581, 0.012548470869660378, 0.00461734551936388, 0.007689133286476135, 0.016937581822276115, 0.005654558073729277, 0.011865400709211826, 0.011202983558177948, 0.005675258580595255, 0.01488853432238102, 0.010165301151573658, 0.016659967601299286, 0.008104945532977581, 0.0048292772844433784, 0.017328698188066483, 0.032125603407621384, 0.008061239495873451, 0.007030760869383812, 0.012020251713693142, 0.006894892547279596], 0.005153635051101446, 0.0016124118119478226], "learned_reparam": null}