{"elbo": -7610.0732421875, "estimated_elbo_std": 0.37859630584716797, "learning_rate": 0.01, "initial_step_size": [0.0012262669624760747, [0.06303960829973221, 0.011355779133737087, 0.062549889087677, 0.009976188652217388, 0.012617857195436954, 0.0036078377161175013, 0.010626881383359432, 0.010714616626501083, 0.02077317237854004, 0.04191282019019127, 0.005215564742684364, 0.008243311196565628, 0.0628364235162735, 0.020575132220983505, 0.005887552164494991, 0.008298562839627266, 0.011961514130234718, 0.012004519812762737, 0.009395555593073368, 0.010596362873911858, 0.017322944477200508, 0.008180389180779457, 0.006848475430160761, 0.006125746760517359, 0.008074414916336536, 0.010520368814468384, 0.007876724004745483, 0.02049694024026394, 0.012267548590898514, 0.024294070899486542, 0.025034667924046516, 0.006627949420362711, 0.012665366753935814, 0.004678128752857447, 0.007623329758644104, 0.016834761947393417, 0.00563524616882205, 0.011911341920495033, 0.011038786731660366, 0.005602899007499218, 0.014864644967019558, 0.010429603978991508, 0.016449319198727608, 0.008116848766803741, 0.004926112946122885, 0.01737629622220993, 0.032510291785001755, 0.00804855301976204, 0.00689630676060915, 0.011753394268453121, 0.007027811370790005], 5.228864756645635e-05, 1.621036062715575e-05], "learned_reparam": null}