{"elbo": -93420.8125, "estimated_elbo_std": 3.7927377223968506, "learning_rate": 0.2, "initial_step_size": [[0.06242985650897026, 0.0001308813225477934, 0.0001090558071155101, 0.00012691090523730963], [0.061923857778310776, 0.006156980525702238, 0.0051221903413534164, 0.006780329626053572], [[0.06021721661090851], [0.059174612164497375], [0.06676708161830902], [0.05717191845178604], [0.06359225511550903], [0.05834022909402847], [0.06338435411453247], [0.06196126341819763], [0.059695951640605927], [0.062457915395498276], [0.059967122972011566], [0.05561087653040886], [0.062239550054073334], [0.06268399953842163], [0.05711818486452103], [0.06201914697885513], [0.06083366274833679], [0.065635547041893], [0.062579445540905], [0.061774786561727524], [0.061915308237075806], [0.06464913487434387], [0.06028735637664795], [0.05996238440275192], [0.06316643953323364], [0.0628926083445549], [0.06084843724966049], [0.06290101259946823], [0.06737656891345978], [0.060959331691265106], [0.05953628569841385], [0.06179141253232956], [0.06339564174413681], [0.07034250348806381], [0.06552687287330627], [0.0630563423037529], [0.03583595156669617], [0.03590743616223335], [0.03696328029036522], [0.036872681230306625], [0.03787682205438614], [0.03672994300723076], [0.035952795296907425], [0.03588612377643585], [0.03516429662704468], [0.03536313399672508], [0.03626132011413574], [0.061585403978824615], [0.06529733538627625], [0.06550319492816925], [0.0637001246213913], [0.06918934732675552], [0.0631324052810669], [0.0638992190361023], [0.058977723121643066], [0.060745615512132645], [0.06408277153968811], [0.061979442834854126], [0.06778468191623688], [0.0641210526227951], [0.05838074907660484], [0.06612444669008255], [0.06381875276565552], [0.06030884385108948], [0.06621452420949936], [0.06519977748394012], [0.06196616590023041], [0.06431891769170761], [0.05828380957245827], [0.058819111436605453], [0.06251569837331772], [0.06499515473842621], [0.06566561758518219], [0.05757543444633484], [0.06289529800415039], [0.06358445435762405], [0.06560792773962021], [0.06107326224446297], [0.06904226541519165], [0.06602498888969421], [0.059883859008550644], [0.059097833931446075], [0.06167008727788925], [0.06432662159204483], [0.06435023248195648], [0.06751476973295212], [0.05680225044488907], [0.036954283714294434], [0.035065725445747375], [0.03640501946210861], [0.03649407997727394], [0.03606826439499855], [0.03671992942690849], [0.03522887080907822], [0.03496784716844559], [0.035209737718105316]], [4.945106029510498, 0.6016236543655396, 0.8996807336807251, 1.263462781906128]], "learned_reparam": null}