{"elbo": -93194.5234375, "estimated_elbo_std": 0.08432434499263763, "learning_rate": 0.1, "initial_step_size": [[0.06227617710828781, 0.000426487997174263, 0.0008251348044723272, 0.0019907946698367596], [0.06130063906311989, 0.006714719347655773, 0.004574281629174948, 0.006225067190825939], [[0.05975547432899475], [0.06580016762018204], [0.06131472438573837], [0.06162559986114502], [0.061319515109062195], [0.062395449727773666], [0.06108729541301727], [0.0630195215344429], [0.0630713403224945], [0.06299430876970291], [0.06164875999093056], [0.060836903750896454], [0.06253895163536072], [0.06286454200744629], [0.060822658240795135], [0.061333850026130676], [0.06174471974372864], [0.06050151586532593], [0.061574436724185944], [0.06555336713790894], [0.06382907927036285], [0.061590880155563354], [0.062375880777835846], [0.06482113897800446], [0.06541819870471954], [0.06140289083123207], [0.06351084262132645], [0.06247749179601669], [0.06171410530805588], [0.06125607714056969], [0.06567290425300598], [0.06187848001718521], [0.06148270145058632], [0.06122296303510666], [0.06705504655838013], [0.06108548864722252], [0.03687788546085358], [0.0360800176858902], [0.03581513091921806], [0.03570639342069626], [0.035359419882297516], [0.036359064280986786], [0.03680049255490303], [0.0358617827296257], [0.03531855717301369], [0.035389259457588196], [0.037178754806518555], [0.06045739725232124], [0.06211336702108383], [0.06248541921377182], [0.06025268882513046], [0.06280846148729324], [0.0624108761548996], [0.0652654618024826], [0.06445851922035217], [0.06397474557161331], [0.06431649625301361], [0.06361651420593262], [0.062237031757831573], [0.06174463778734207], [0.061813078820705414], [0.0621907040476799], [0.06303025037050247], [0.05863169953227043], [0.06404687464237213], [0.06391176581382751], [0.061990201473236084], [0.06262052804231644], [0.06263742595911026], [0.06071572005748749], [0.059938810765743256], [0.062416959553956985], [0.058946721255779266], [0.06410935521125793], [0.06005191057920456], [0.06207004562020302], [0.06379906833171844], [0.06348506361246109], [0.06182197481393814], [0.0614381805062294], [0.06473174691200256], [0.06317853927612305], [0.06404893100261688], [0.06259748339653015], [0.06501580029726028], [0.06067972630262375], [0.06466188281774521], [0.035856738686561584], [0.0360400527715683], [0.03582792356610298], [0.03537655621767044], [0.03629510849714279], [0.03574240952730179], [0.036396391689777374], [0.03525895997881889], [0.03602643311023712]], [0.06395557522773743, 0.016826782375574112, 0.01337314210832119, 0.021949157118797302]], "learned_reparam": {"mua_a": [0.5, 0.5, 0.5, 0.5], "mua_b": [0.5, 0.5, 0.5, 0.5], "sigma_y_a": [0.5, 0.5, 0.5, 0.5], "sigma_y_b": [0.5, 0.5, 0.5, 0.5], "a_a": [[0.03463953733444214], [0.02930593490600586], [0.029372870922088623], [0.02952432632446289], [0.02908816933631897], [0.029571056365966797], [0.029470086097717285], [0.02954155206680298], [0.029460012912750244], [0.029531270265579224], [0.02960190176963806], [0.03254157304763794], [0.035466939210891724], [0.033759087324142456], [0.036079853773117065], [0.033016860485076904], [0.03250044584274292], [0.033163487911224365], [0.03141459822654724], [0.031640440225601196], [0.03283041715621948], [0.033405303955078125], [0.034074604511260986], [0.032370805740356445], [0.03206509351730347], [0.03516799211502075], [0.03360867500305176], [0.033425867557525635], [0.033920079469680786], [0.033489614725112915], [0.03356665372848511], [0.03331267833709717], [0.03355515003204346], [0.0335334837436676], [0.033338069915771484], [0.5], [0.5], [0.5], [0.5], [0.5], [0.5], [0.5], [0.5], [0.5], [0.5], [0.5], [0.031342774629592896], [0.029326021671295166], [0.029382944107055664], [0.02949187159538269], [0.029537737369537354], [0.02952525019645691], [0.029544949531555176], [0.029529333114624023], [0.02953261137008667], [0.02940639853477478], [0.03256472945213318], [0.03180807828903198], [0.03253546357154846], [0.03323453664779663], [0.03320950269699097], [0.034998953342437744], [0.032133549451828], [0.03222298622131348], [0.03289481997489929], [0.031332939863204956], [0.031549930572509766], [0.034299641847610474], [0.03202921152114868], [0.03295087814331055], [0.033088356256484985], [0.03192654252052307], [0.031600385904312134], [0.032139480113983154], [0.031552672386169434], [0.032440632581710815], [0.033881574869155884], [0.033625513315200806], [0.033608078956604004], [0.03356587886810303], [0.033334434032440186], [0.03340190649032593], [0.03365781903266907], [0.03362852334976196], [0.03357434272766113], [0.033510416746139526], [0.5], [0.5], [0.5], [0.5], [0.5], [0.5], [0.5], [0.5], [0.5], [0.5]], "a_b": [[0.5], [0.5], [0.5], [0.5], [0.5], [0.5], [0.5], [0.5], [0.5], [0.5], [0.5], [0.5], [0.5], [0.5], [0.5], [0.5], [0.5], [0.5], [0.5], [0.5], [0.5], [0.5], [0.5], [0.5], [0.5], [0.5], [0.5], [0.5], [0.5], [0.5], [0.5], [0.5], [0.5], [0.5], [0.5], [0.5], [0.5], [0.5], [0.5], [0.5], [0.5], [0.5], [0.5], [0.5], [0.5], [0.5], [0.5], [0.5], [0.5], [0.5], [0.5], [0.5], [0.5], [0.5], [0.5], [0.5], [0.5], [0.5], [0.5], [0.5], [0.5], [0.5], [0.5], [0.5], [0.5], [0.5], [0.5], [0.5], [0.5], [0.5], [0.5], [0.5], [0.5], [0.5], [0.5], [0.5], [0.5], [0.5], [0.5], [0.5], [0.5], [0.5], [0.5], [0.5], [0.5], [0.5], [0.5], [0.5], [0.5], [0.5], [0.5], [0.5], [0.5], [0.5], [0.5], [0.5]], "b_a": [0.5, 0.5, 0.5, 0.5], "b_b": [0.01715618371963501, 0.2865194082260132, 0.5274619460105896, 0.3587580919265747]}}