{"elbo": -93202.75, "estimated_elbo_std": 0.28469032049179077, "learning_rate": 0.07, "initial_step_size": [[0.06246590614318848, 0.0004413127899169922, 0.0008197065908461809, 0.0021947554778307676], [0.061490584164857864, 0.00638599181547761, 0.00333228288218379, 0.004885027650743723], [[0.062448520213365555], [0.061487309634685516], [0.062260136008262634], [0.06268535554409027], [0.06212133169174194], [0.06283189356327057], [0.06172012910246849], [0.06258144974708557], [0.06232955679297447], [0.06259477138519287], [0.06217385455965996], [0.06203508377075195], [0.062485579401254654], [0.06182313337922096], [0.06213310733437538], [0.06213395297527313], [0.06205305829644203], [0.06158294528722763], [0.0622517392039299], [0.06195792555809021], [0.061730656772851944], [0.0624733529984951], [0.061799973249435425], [0.06193624809384346], [0.06211823597550392], [0.061393510550260544], [0.06222831457853317], [0.06224223971366882], [0.061950765550136566], [0.061985984444618225], [0.06263864785432816], [0.0629541426897049], [0.0623866431415081], [0.06270499527454376], [0.06264863163232803], [0.06226040795445442], [0.03627144172787666], [0.0359453484416008], [0.0363280288875103], [0.035686854273080826], [0.03582696616649628], [0.03612248972058296], [0.035964567214250565], [0.03599635511636734], [0.0359407402575016], [0.03615504130721092], [0.03513269126415253], [0.06277963519096375], [0.06251707673072815], [0.0623965822160244], [0.06256777048110962], [0.06299968808889389], [0.06197987124323845], [0.061923667788505554], [0.06176569312810898], [0.0626542940735817], [0.06293411552906036], [0.06068095564842224], [0.062002453953027725], [0.061751652508974075], [0.06187062710523605], [0.06188461557030678], [0.061628878116607666], [0.06249934807419777], [0.06164368614554405], [0.06169881299138069], [0.06261204183101654], [0.061674896627664566], [0.062197890132665634], [0.062305234372615814], [0.06281571835279465], [0.06211548298597336], [0.061450500041246414], [0.06165051460266113], [0.06171340122818947], [0.06169702857732773], [0.06239273399114609], [0.06225185841321945], [0.062489867210388184], [0.06249106302857399], [0.06289318203926086], [0.06353604793548584], [0.06312104314565659], [0.06202223151922226], [0.06276408582925797], [0.0616408996284008], [0.062250182032585144], [0.03548525646328926], [0.03622371703386307], [0.036043502390384674], [0.03581344708800316], [0.03613048419356346], [0.035927366465330124], [0.03592770919203758], [0.03634896129369736], [0.03627356141805649]], [0.06760477274656296, 0.06387968361377716, 0.008295156061649323, 0.016968149691820145]], "learned_reparam": {"mua_a": [0.00016644597053527832, 0.7979364395141602, 0.7328623533248901, 0.7237284183502197], "mua_b": [0.048744797706604004, 0.7945473194122314, 0.746680736541748, 0.6383202075958252], "sigma_y_a": [0.00017595291137695312, 0.9842430949211121, 0.9552578926086426, 0.9776995182037354], "sigma_y_b": [0.048994868993759155, 0.4900587201118469, 0.5876283049583435, 0.5351461172103882], "a_a": [[0.007170766592025757], [0.0043354034423828125], [0.0044224560260772705], [0.004576891660690308], [0.004261791706085205], [0.0044973790645599365], [0.0045285820960998535], [0.004512101411819458], [0.004602909088134766], [0.0044594407081604], [0.004500091075897217], [0.005441069602966309], [0.008201807737350464], [0.006398946046829224], [0.009031444787979126], [0.005712360143661499], [0.005264580249786377], [0.005652397871017456], [0.0043971240520477295], [0.004625886678695679], [0.005584210157394409], [0.005956888198852539], [0.006595999002456665], [0.005142807960510254], [0.004885822534561157], [0.0061910152435302734], [0.005394488573074341], [0.005380690097808838], [0.005446910858154297], [0.005385279655456543], [0.0053757429122924805], [0.0053844153881073], [0.005388200283050537], [0.0053834617137908936], [0.005392581224441528], [0.6764292120933533], [0.9999672174453735], [0.9999725222587585], [0.999962329864502], [0.9999645352363586], [0.9999735355377197], [0.9999718070030212], [0.9999675750732422], [0.9999725818634033], [0.9999738931655884], [0.9999719858169556], [0.0033769607543945312], [0.004365414381027222], [0.004374444484710693], [0.004542291164398193], [0.004528701305389404], [0.004610389471054077], [0.00441354513168335], [0.004464060068130493], [0.004595518112182617], [0.004628807306289673], [0.00525057315826416], [0.004687398672103882], [0.005258083343505859], [0.005791127681732178], [0.005744636058807373], [0.0074461400508880615], [0.004976034164428711], [0.004951506853103638], [0.0055411458015441895], [0.004494160413742065], [0.004556328058242798], [0.006810188293457031], [0.004840284585952759], [0.005685180425643921], [0.005675166845321655], [0.004653215408325195], [0.004495054483413696], [0.004949808120727539], [0.0045518577098846436], [0.005320370197296143], [0.00503849983215332], [0.005383580923080444], [0.005409806966781616], [0.005357563495635986], [0.005363494157791138], [0.005364358425140381], [0.005393624305725098], [0.005392193794250488], [0.005404531955718994], [0.005395174026489258], [0.7124730348587036], [0.999974250793457], [0.9999743103981018], [0.9999759197235107], [0.999970555305481], [0.9999752044677734], [0.9999706745147705], [0.9999722838401794], [0.9999740719795227], [0.9999752044677734]], "a_b": [[0.0491260290145874], [0.055677205324172974], [0.05695059895515442], [0.05510607361793518], [0.047976166009902954], [0.048453688621520996], [0.05595669150352478], [0.05328112840652466], [0.054839372634887695], [0.050262778997421265], [0.05658099055290222], [0.058567821979522705], [0.05304977297782898], [0.055544495582580566], [0.05143985152244568], [0.054777830839157104], [0.058414965867996216], [0.056384265422821045], [0.05137968063354492], [0.05766010284423828], [0.057450175285339355], [0.055620819330215454], [0.05535852909088135], [0.05458149313926697], [0.0548136830329895], [0.0531502366065979], [0.05047425627708435], [0.05410712957382202], [0.05281704664230347], [0.05144298076629639], [0.05692315101623535], [0.058293938636779785], [0.05323341488838196], [0.056890010833740234], [0.056194454431533813], [0.058640360832214355], [0.11428889632225037], [0.11490675806999207], [0.11180320382118225], [0.12115395069122314], [0.1172109842300415], [0.11298105120658875], [0.11371278762817383], [0.11999991536140442], [0.1177172064781189], [0.11207222938537598], [0.13865381479263306], [0.04812726378440857], [0.05181720852851868], [0.053255170583724976], [0.05266767740249634], [0.05502578616142273], [0.05526399612426758], [0.053764283657073975], [0.05201718211174011], [0.05706629157066345], [0.05513560771942139], [0.05535531044006348], [0.05828544497489929], [0.05421781539916992], [0.05757629871368408], [0.05141612887382507], [0.05456569790840149], [0.05601334571838379], [0.05508124828338623], [0.05630612373352051], [0.05476030707359314], [0.05400094389915466], [0.0561145544052124], [0.05465686321258545], [0.05604633688926697], [0.06018972396850586], [0.05917134881019592], [0.05871620774269104], [0.0624961256980896], [0.05422583222389221], [0.056329578161239624], [0.056663334369659424], [0.054708003997802734], [0.056841641664505005], [0.05794179439544678], [0.05388140678405762], [0.05186516046524048], [0.05429008603096008], [0.05369281768798828], [0.058542340993881226], [0.05606397986412048], [0.11092758178710938], [0.11553207039833069], [0.1161222755908966], [0.11710420250892639], [0.10931414365768433], [0.11893948912620544], [0.10799935460090637], [0.10494518280029297], [0.10885140299797058]], "b_a": [9.02414321899414e-05, 0.4328888952732086, 0.5943512916564941, 0.7327977418899536], "b_b": [0.016885608434677124, 0.5182401537895203, 0.43617087602615356, 0.31486958265304565]}}