{"elbo": -93194.4921875, "estimated_elbo_std": 0.08729398250579834, "learning_rate": 0.1, "initial_step_size": [[0.06133364513516426, 0.0004630476760212332, 0.0008107729954645038, 0.002155233873054385], [0.06109447032213211, 0.006745372898876667, 0.0051346137188375, 0.006514204666018486], [[0.06107993423938751], [0.05988021194934845], [0.0648650974035263], [0.06479679048061371], [0.06053932011127472], [0.06120694428682327], [0.06424738466739655], [0.05955633521080017], [0.061767853796482086], [0.0664755254983902], [0.061204008758068085], [0.06408262252807617], [0.06322291493415833], [0.0628247931599617], [0.06363900005817413], [0.063597172498703], [0.06025867164134979], [0.06397069990634918], [0.06157704442739487], [0.060384560376405716], [0.0625249370932579], [0.06019771099090576], [0.06672268360853195], [0.061398833990097046], [0.06947390735149384], [0.06444981694221497], [0.06298699975013733], [0.06487251818180084], [0.06406639516353607], [0.06515175104141235], [0.060492921620607376], [0.057746101170778275], [0.061396848410367966], [0.05841591954231262], [0.06215516850352287], [0.06269104778766632], [0.035728879272937775], [0.035933494567871094], [0.03617805242538452], [0.035756099969148636], [0.03610469028353691], [0.03590138256549835], [0.03701755777001381], [0.03600817173719406], [0.03490595519542694], [0.035503435879945755], [0.03653548285365105], [0.062109917402267456], [0.060959748923778534], [0.05947742611169815], [0.05926058068871498], [0.061489567160606384], [0.06054171547293663], [0.0625319704413414], [0.060836948454380035], [0.06164108216762543], [0.0624743327498436], [0.05961885675787926], [0.06470665335655212], [0.06293360888957977], [0.059887051582336426], [0.06046741083264351], [0.06206195801496506], [0.05967181921005249], [0.061173275113105774], [0.06380639225244522], [0.06434410065412521], [0.06236560642719269], [0.06274041533470154], [0.06355449557304382], [0.06377120316028595], [0.06165681034326553], [0.0627610981464386], [0.06427416950464249], [0.06145988404750824], [0.0627581924200058], [0.06351205706596375], [0.06352072954177856], [0.05899255722761154], [0.06115934997797012], [0.06393063813447952], [0.0635913610458374], [0.06516546756029129], [0.060395266860723495], [0.06554894894361496], [0.06368084996938705], [0.06530264019966125], [0.035506293177604675], [0.03600063547492027], [0.03642765432596207], [0.03628277778625488], [0.03594135120511055], [0.03611529618501663], [0.03554782271385193], [0.036751314997673035], [0.03561463952064514]], [0.06808227300643921, 0.01635645143687725, 0.013189813122153282, 0.020343748852610588]], "learned_reparam": {"mua_a": [0.5, 0.5, 0.5, 0.5], "mua_b": [0.5, 0.5, 0.5, 0.5], "sigma_y_a": [0.5, 0.5, 0.5, 0.5], "sigma_y_b": [0.5, 0.5, 0.5, 0.5], "a_a": [[0.034046024084091187], [0.029314368963241577], [0.029593676328659058], [0.029577523469924927], [0.02899119257926941], [0.02961292862892151], [0.02969488501548767], [0.02948927879333496], [0.02958071231842041], [0.02955043315887451], [0.029555976390838623], [0.034339576959609985], [0.03755521774291992], [0.035903871059417725], [0.0383172333240509], [0.03496566414833069], [0.034534841775894165], [0.03505837917327881], [0.03334173560142517], [0.03364613652229309], [0.03490254282951355], [0.035321980714797974], [0.035893768072128296], [0.03435021638870239], [0.033927977085113525], [0.0331803560256958], [0.031804293394088745], [0.03161320090293884], [0.03181639313697815], [0.031682491302490234], [0.03179958462715149], [0.0315571129322052], [0.03146076202392578], [0.03166207671165466], [0.03140753507614136], [0.5], [0.5], [0.5], [0.5], [0.5], [0.5], [0.5], [0.5], [0.5], [0.5], [0.5], [0.03136572241783142], [0.029463082551956177], [0.029509544372558594], [0.029537886381149292], [0.029525279998779297], [0.029458969831466675], [0.029247909784317017], [0.029479652643203735], [0.029552221298217773], [0.029508590698242188], [0.03499296307563782], [0.03357800841331482], [0.03450939059257507], [0.035113006830215454], [0.03501296043395996], [0.03698974847793579], [0.03407147526741028], [0.03401884436607361], [0.03472718596458435], [0.03345972299575806], [0.03363531827926636], [0.03625330328941345], [0.03382959961891174], [0.03498163819313049], [0.035048604011535645], [0.033668071031570435], [0.03340959548950195], [0.03407210111618042], [0.03351861238479614], [0.03453448414802551], [0.03203466534614563], [0.03156435489654541], [0.031656503677368164], [0.03148719668388367], [0.03149968385696411], [0.031488120555877686], [0.031819045543670654], [0.0317305326461792], [0.03162473440170288], [0.03155052661895752], [0.5], [0.5], [0.5], [0.5], [0.5], [0.5], [0.5], [0.5], [0.5], [0.5]], "a_b": [[0.5], [0.5], [0.5], [0.5], [0.5], [0.5], [0.5], [0.5], [0.5], [0.5], [0.5], [0.5], [0.5], [0.5], [0.5], [0.5], [0.5], [0.5], [0.5], [0.5], [0.5], [0.5], [0.5], [0.5], [0.5], [0.5], [0.5], [0.5], [0.5], [0.5], [0.5], [0.5], [0.5], [0.5], [0.5], [0.5], [0.5], [0.5], [0.5], [0.5], [0.5], [0.5], [0.5], [0.5], [0.5], [0.5], [0.5], [0.5], [0.5], [0.5], [0.5], [0.5], [0.5], [0.5], [0.5], [0.5], [0.5], [0.5], [0.5], [0.5], [0.5], [0.5], [0.5], [0.5], [0.5], [0.5], [0.5], [0.5], [0.5], [0.5], [0.5], [0.5], [0.5], [0.5], [0.5], [0.5], [0.5], [0.5], [0.5], [0.5], [0.5], [0.5], [0.5], [0.5], [0.5], [0.5], [0.5], [0.5], [0.5], [0.5], [0.5], [0.5], [0.5], [0.5], [0.5], [0.5]], "b_a": [0.5, 0.5, 0.5, 0.5], "b_b": [0.016034632921218872, 0.2859642505645752, 0.5289108157157898, 0.3574620485305786]}}