{"elbo": -93194.5625, "estimated_elbo_std": 0.10716232657432556, "learning_rate": 0.2, "initial_step_size": [[0.06288813054561615, 0.00038311685784719884, 0.0007678371039219201, 0.002148244297131896], [0.06320201605558395, 0.006124787498265505, 0.004856540355831385, 0.006436109077185392], [[0.06635896116495132], [0.057196784764528275], [0.06294775009155273], [0.06577317416667938], [0.06216844543814659], [0.0616256520152092], [0.06489938497543335], [0.06076758727431297], [0.06308373063802719], [0.06594622135162354], [0.06084391847252846], [0.06522845476865768], [0.06130180135369301], [0.05876190587878227], [0.0647352859377861], [0.0655563473701477], [0.05978340283036232], [0.062219422310590744], [0.06570709496736526], [0.06223740428686142], [0.058615438640117645], [0.06198880076408386], [0.05937151610851288], [0.06132451444864273], [0.05520891770720482], [0.058751557022333145], [0.06316937506198883], [0.06376631557941437], [0.06813696771860123], [0.06404246389865875], [0.06861889362335205], [0.0647127702832222], [0.06188423931598663], [0.061558809131383896], [0.06144173443317413], [0.062309011816978455], [0.036100588738918304], [0.03639238327741623], [0.03473026677966118], [0.03660355508327484], [0.03500201925635338], [0.035038210451602936], [0.03574027121067047], [0.03652603179216385], [0.036808084696531296], [0.03616057336330414], [0.03544957935810089], [0.06128619611263275], [0.061971575021743774], [0.05986412614583969], [0.06282810866832733], [0.061392027884721756], [0.06477095186710358], [0.06328051537275314], [0.059293560683727264], [0.06482928991317749], [0.06582728773355484], [0.06147187948226929], [0.06339533627033234], [0.0643041655421257], [0.06386665999889374], [0.06252533197402954], [0.06277905404567719], [0.0632997676730156], [0.06332296878099442], [0.06208847463130951], [0.05836484953761101], [0.06023779883980751], [0.06380663812160492], [0.06264019757509232], [0.06333265453577042], [0.0617324635386467], [0.05890733376145363], [0.06368046253919601], [0.06236950308084488], [0.06097403168678284], [0.05793142318725586], [0.0616915337741375], [0.05731651932001114], [0.0591072142124176], [0.06230325251817703], [0.06027223914861679], [0.06541574001312256], [0.06790010631084442], [0.06355927139520645], [0.06427869200706482], [0.06131564825773239], [0.03668481856584549], [0.03600092977285385], [0.03594546020030975], [0.03562396764755249], [0.036407627165317535], [0.035158559679985046], [0.03667737916111946], [0.036149851977825165], [0.03532866761088371]], [0.058710452169179916, 0.004419425502419472, 0.1212632805109024, 0.0039739180356264114]], "learned_reparam": null}