{"elbo": -93194.5703125, "estimated_elbo_std": 0.07911482453346252, "learning_rate": 0.2, "initial_step_size": [[0.060227371752262115, 0.0004650444316212088, 0.0008277082233689725, 0.0021360914688557386], [0.06328951567411423, 0.006128448527306318, 0.0051075126975774765, 0.00670417258515954], [[0.05732983350753784], [0.062319763004779816], [0.06075573340058327], [0.06495275348424911], [0.060013025999069214], [0.06275595724582672], [0.0612754225730896], [0.06413175165653229], [0.0624338798224926], [0.06398015469312668], [0.06291750073432922], [0.0662442147731781], [0.06022617593407631], [0.062054816633462906], [0.06709598749876022], [0.06355520337820053], [0.06497469544410706], [0.06541238725185394], [0.0651104599237442], [0.06384696066379547], [0.06020677462220192], [0.059536151587963104], [0.06028071045875549], [0.05833200737833977], [0.06538818031549454], [0.061316296458244324], [0.05990781635046005], [0.06331218779087067], [0.06993728876113892], [0.06485084444284439], [0.06215492635965347], [0.06239698827266693], [0.05868854746222496], [0.0633731484413147], [0.05851716548204422], [0.06252124905586243], [0.0361764132976532], [0.034971319139003754], [0.036541689187288284], [0.035940784960985184], [0.0362444743514061], [0.0368790477514267], [0.035320769995450974], [0.03585235774517059], [0.03644821420311928], [0.03532913327217102], [0.04014191776514053], [0.06546242535114288], [0.06298631429672241], [0.05906945466995239], [0.06309932470321655], [0.06213977187871933], [0.06473827362060547], [0.06412792205810547], [0.0618639811873436], [0.06235675886273384], [0.06666846573352814], [0.062321022152900696], [0.06175121292471886], [0.06434957683086395], [0.0626382827758789], [0.06470313668251038], [0.0602424219250679], [0.06476446241140366], [0.06218542903661728], [0.06011303514242172], [0.06478520482778549], [0.061155661940574646], [0.06211022287607193], [0.05833461135625839], [0.061097316443920135], [0.0678827166557312], [0.06380812078714371], [0.06205378845334053], [0.060647230595350266], [0.06507807970046997], [0.0666852742433548], [0.06485029309988022], [0.05837218463420868], [0.06403826922178268], [0.057411033660173416], [0.06127524375915527], [0.0651811808347702], [0.06185143440961838], [0.059766657650470734], [0.06715993583202362], [0.061001695692539215], [0.03650180250406265], [0.03664715960621834], [0.035955823957920074], [0.03593945503234863], [0.03508841246366501], [0.03587043657898903], [0.03576287627220154], [0.03621287643909454], [0.03667040169239044]], [0.06290144473314285, 0.0043522329069674015, 0.11074395477771759, 0.004047817550599575]], "learned_reparam": null}