{"elbo": -93199.578125, "estimated_elbo_std": 0.20825845003128052, "learning_rate": 0.2, "initial_step_size": [[0.061657149344682693, 0.0004097101336810738, 0.0008793901070021093, 0.0023892568424344063], [0.06343576312065125, 0.007218788843601942, 0.005034079775214195, 0.006507995072752237], [[0.062281813472509384], [0.06271086633205414], [0.06396104395389557], [0.06624854356050491], [0.060181014239788055], [0.0593838207423687], [0.06378836929798126], [0.06028846278786659], [0.0642368346452713], [0.062447063624858856], [0.06724321097135544], [0.06256049871444702], [0.06409682333469391], [0.06448240578174591], [0.06125198304653168], [0.05984636768698692], [0.06607700139284134], [0.05661557614803314], [0.05926492065191269], [0.0643206313252449], [0.06509051471948624], [0.06031356751918793], [0.06407151371240616], [0.06289439648389816], [0.061991676688194275], [0.06862296909093857], [0.06274761259555817], [0.06254860013723373], [0.06331969797611237], [0.060262538492679596], [0.06468886137008667], [0.0593210868537426], [0.06354458630084991], [0.059333618730306625], [0.0621466189622879], [0.06424295157194138], [0.03651464730501175], [0.03678813949227333], [0.037974219769239426], [0.03580879420042038], [0.0373864583671093], [0.036821138113737106], [0.036486536264419556], [0.03610051050782204], [0.036562785506248474], [0.036061160266399384], [0.036418769508600235], [0.062417589128017426], [0.056645117700099945], [0.06598544120788574], [0.06158260256052017], [0.0633653849363327], [0.06256687641143799], [0.06598813831806183], [0.06051106005907059], [0.055794183164834976], [0.061241574585437775], [0.05941753834486008], [0.0647452175617218], [0.05879368633031845], [0.06344585120677948], [0.06437250226736069], [0.06533892452716827], [0.05819931626319885], [0.060214295983314514], [0.06034790724515915], [0.06280427426099777], [0.0644887238740921], [0.05883532017469406], [0.06414134055376053], [0.06211235374212265], [0.06365654617547989], [0.06151071935892105], [0.06061387062072754], [0.05890245735645294], [0.06033157557249069], [0.06324345618486404], [0.06515225768089294], [0.0677400529384613], [0.06129559129476547], [0.059710793197155], [0.06560239940881729], [0.06362020969390869], [0.06349915266036987], [0.06459119915962219], [0.06547742336988449], [0.06366051733493805], [0.03595460206270218], [0.03588998317718506], [0.035832833498716354], [0.03533148765563965], [0.037156425416469574], [0.035837143659591675], [0.03605399653315544], [0.03596629202365875], [0.03606916591525078]], [0.05653657391667366, 0.48915234208106995, 0.0011928996536880732, 0.004170819651335478]], "learned_reparam": null}