{"elbo": -93194.3125, "estimated_elbo_std": 0.08962269127368927, "learning_rate": 0.1, "initial_step_size": [[0.06369800865650177, 0.00043038761941716075, 0.0008864790434017777, 0.0022298044059425592], [0.06517529487609863, 0.006322870030999184, 0.005033289548009634, 0.006591652985662222], [[0.06087372452020645], [0.06127291917800903], [0.06267692148685455], [0.06072656810283661], [0.06203305721282959], [0.06369844824075699], [0.0634758472442627], [0.060584597289562225], [0.06394889205694199], [0.0592622235417366], [0.060305964201688766], [0.06379015743732452], [0.06104465574026108], [0.06333222985267639], [0.06232258677482605], [0.062344908714294434], [0.0618535578250885], [0.06424520164728165], [0.06449232995510101], [0.06394942849874496], [0.06326204538345337], [0.06290143728256226], [0.06430407613515854], [0.0619552880525589], [0.0610060915350914], [0.06158547103404999], [0.06457897275686264], [0.06390315294265747], [0.06094123050570488], [0.06359423696994781], [0.06271171569824219], [0.06254156678915024], [0.06093815714120865], [0.06395308673381805], [0.06294194608926773], [0.06240943819284439], [0.03611769154667854], [0.036631353199481964], [0.0357665941119194], [0.03635318577289581], [0.0358726941049099], [0.03608500957489014], [0.03581129014492035], [0.03690626472234726], [0.035957589745521545], [0.03559136390686035], [0.034704290330410004], [0.062394045293331146], [0.059182241559028625], [0.06285768747329712], [0.0634193867444992], [0.06227893382310867], [0.06502015888690948], [0.06209798902273178], [0.062113434076309204], [0.06448162347078323], [0.06254002451896667], [0.060039736330509186], [0.06078632175922394], [0.06266368180513382], [0.0637797862291336], [0.0619097538292408], [0.060125917196273804], [0.06165672838687897], [0.06365294754505157], [0.06217408925294876], [0.06015436723828316], [0.06329303979873657], [0.06094345450401306], [0.05949894338846207], [0.06258781999349594], [0.06282076239585876], [0.062014609575271606], [0.06040746718645096], [0.06347878277301788], [0.05909037962555885], [0.0643712654709816], [0.060860782861709595], [0.062265925109386444], [0.06250473856925964], [0.0611577108502388], [0.05966884270310402], [0.06149737536907196], [0.06182923913002014], [0.06263339519500732], [0.06287015974521637], [0.05900105834007263], [0.03583154082298279], [0.03549254685640335], [0.03590746968984604], [0.035845573991537094], [0.03591780364513397], [0.036230750381946564], [0.03653677925467491], [0.03639179468154907], [0.03575161099433899]], [0.05889895558357239, 0.004735959228128195, 0.0011600118596106768, 0.00423082010820508]], "learned_reparam": null}