{"elbo": -2005.86767578125, "estimated_elbo_std": 0.05366211012005806, "learning_rate": 0.005, "initial_step_size": [0.015643101185560226, 0.016312867403030396, 0.0006428785854950547, [0.01566421426832676, 0.009850775822997093, 0.006597224622964859, 0.01664946973323822, 0.011402556672692299, 0.020917948335409164, 0.03619220852851868, 0.0022444187197834253, 0.006224905606359243, 0.008191389963030815, 0.0038924899417907, 0.010733318515121937, 0.01680123805999756, 0.008661315776407719, 0.010547034442424774]], "learned_reparam": null}