{"elbo": -2005.836669921875, "estimated_elbo_std": 0.07219204306602478, "learning_rate": 0.01, "initial_step_size": [0.01615576073527336, 0.016678335145115852, 0.0006546616787090898, [0.015561651438474655, 0.009916482493281364, 0.006517467554658651, 0.016643574461340904, 0.011660094372928143, 0.020861249417066574, 0.036568302661180496, 0.002270210301503539, 0.006216953508555889, 0.008123410865664482, 0.003912662621587515, 0.010661637410521507, 0.016560466960072517, 0.008690744638442993, 0.01056830957531929]], "learned_reparam": {"mua_a": 0.5, "mua_b": 0.5, "b1_a": 0.5, "b1_b": 0.5, "b2_a": 0.5, "b2_b": 0.5, "m_a": [0.9370737075805664, 0.975890040397644, 0.9883888363838196, 0.9298387765884399, 0.9687485694885254, 0.8932750821113586, 0.6690242886543274, 0.9942054152488708, 0.9852756261825562, 0.9828379154205322, 0.9953819513320923, 0.9711405038833618, 0.9322428107261658, 0.9810333251953125, 0.9711403250694275], "m_b": [0.5, 0.5, 0.5, 0.5, 0.5, 0.5, 0.5, 0.5, 0.5, 0.5, 0.5, 0.5, 0.5, 0.5, 0.5]}}