{"elbo": -2005.84375, "estimated_elbo_std": 0.08061198890209198, "learning_rate": 0.01, "initial_step_size": [0.016013868153095245, 0.01645306870341301, 0.0006479297881014645, [0.015688112005591393, 0.00993545725941658, 0.006599624641239643, 0.016828911378979683, 0.011570959351956844, 0.020928513258695602, 0.03638507053256035, 0.002282380126416683, 0.006309825461357832, 0.0082109859213233, 0.003846555482596159, 0.010702733881771564, 0.016549263149499893, 0.00855561438947916, 0.010470185428857803]], "learned_reparam": {"mua_a": 0.5, "mua_b": 0.5, "b1_a": 0.5, "b1_b": 0.5, "b2_a": 0.5, "b2_b": 0.5, "m_a": [0.9366788864135742, 0.9753373861312866, 0.9882526397705078, 0.9302926063537598, 0.9688697457313538, 0.8938944339752197, 0.6631060838699341, 0.9942348003387451, 0.9859795570373535, 0.9832245707511902, 0.9950107932090759, 0.9714702367782593, 0.9276500940322876, 0.9807587265968323, 0.9700709581375122], "m_b": [0.5, 0.5, 0.5, 0.5, 0.5, 0.5, 0.5, 0.5, 0.5, 0.5, 0.5, 0.5, 0.5, 0.5, 0.5]}}