{"elbo": -2005.8514404296875, "estimated_elbo_std": 0.07177864015102386, "learning_rate": 0.005, "initial_step_size": [0.01596597582101822, 0.016671335324645042, 0.0006460233125835657, [0.015844345092773438, 0.009960680268704891, 0.006546839140355587, 0.01705273799598217, 0.01142938993871212, 0.02079860307276249, 0.03604084625840187, 0.002275900449603796, 0.00626835972070694, 0.008248412981629372, 0.0038224358577281237, 0.010760987177491188, 0.016675615683197975, 0.008626448921859264, 0.010438921861350536]], "learned_reparam": {"mua_a": 0.6930772662162781, "mua_b": 0.31603094935417175, "b1_a": 0.7021884918212891, "b1_b": 0.3073205351829529, "b2_a": 0.41155338287353516, "b2_b": 0.7594853043556213, "m_a": [0.9339500069618225, 0.9742588996887207, 0.9841133952140808, 0.9282952547073364, 0.960486888885498, 0.8858293890953064, 0.6918571591377258, 0.990170955657959, 0.9676613807678223, 0.9804551601409912, 0.9882823824882507, 0.9690303206443787, 0.9259443879127502, 0.976963222026825, 0.951897919178009], "m_b": [0.3194897174835205, 0.40546509623527527, 0.47666865587234497, 0.30516189336776733, 0.38076338171958923, 0.26557672023773193, 0.15080904960632324, 0.6281213164329529, 0.4837042987346649, 0.43821200728416443, 0.5587990880012512, 0.39166152477264404, 0.30954137444496155, 0.4305312931537628, 0.3970840573310852]}}