{"elbo": -2005.871337890625, "estimated_elbo_std": 0.06255584955215454, "learning_rate": 0.005, "initial_step_size": [0.01569899171590805, 0.016287272796034813, 0.0006444714381359518, [0.01565852388739586, 0.009984095580875874, 0.0065666125155985355, 0.016690807417035103, 0.011380544863641262, 0.020735878497362137, 0.03606473281979561, 0.002266373485326767, 0.006267898716032505, 0.008213776163756847, 0.0038683959282934666, 0.010706952773034573, 0.016690121963620186, 0.008594931103289127, 0.01056075282394886]], "learned_reparam": null}