{"elbo": -2005.8817138671875, "estimated_elbo_std": 0.08341480046510696, "learning_rate": 0.005, "initial_step_size": [0.015732746571302414, 0.016352374106645584, 0.000642340281046927, [0.015588364563882351, 0.009825180284678936, 0.006623285356909037, 0.016840055584907532, 0.011345235630869865, 0.020853308960795403, 0.03600204363465309, 0.002266086172312498, 0.006271133664995432, 0.008185631595551968, 0.0038626808673143387, 0.010776644572615623, 0.016674820333719254, 0.008596443571150303, 0.010658878833055496]], "learned_reparam": null}