{"elbo": -2005.861572265625, "estimated_elbo_std": 0.07075544446706772, "learning_rate": 0.005, "initial_step_size": [0.015616528689861298, 0.016351141035556793, 0.0006436160183511674, [0.015593438409268856, 0.009889006614685059, 0.0065916599705815315, 0.01667764037847519, 0.011378569528460503, 0.020649107173085213, 0.03610961511731148, 0.002251138910651207, 0.006252584513276815, 0.008212201297283173, 0.003862148616462946, 0.01066904328763485, 0.01668638549745083, 0.008613583631813526, 0.010555139742791653]], "learned_reparam": null}