{"elbo": -2010.535888671875, "estimated_elbo_std": 0.17017419636249542, "learning_rate": 0.01, "initial_step_size": [0.0016437126323580742, 0.0014744419604539871, 0.0006561215268447995, [0.015697408467531204, 0.009928147308528423, 0.006644190289080143, 0.016908103600144386, 0.011456797830760479, 0.020961804315447807, 0.035635292530059814, 0.0022657341323792934, 0.006334235426038504, 0.008208660408854485, 0.003930450417101383, 0.01073149312287569, 0.016816087067127228, 0.008685900829732418, 0.010558663867413998]], "learned_reparam": null}