{"elbo": -34.821556091308594, "estimated_elbo_std": 0.09300010651350021, "learning_rate": 0.2, "initial_step_size": [0.12283048033714294, 0.015876173973083496, [0.3554726243019104, 0.3062494397163391, 0.3456885516643524, 0.3209312856197357, 0.3120068907737732, 0.3278379440307617, 0.3175438344478607, 0.3514479696750641]], "learned_reparam": null, "num_leapfrog_steps": 1, "ess_min": [3.010580062866211], "sem_min": [0.07818649343467012], "acceptance_rate": [75.8054], "mcmc_time_sec": [26.046237468719482]}