{"elbo": -31.687129974365234, "estimated_elbo_std": 0.04463254287838936, "learning_rate": 0.1, "initial_step_size": [0.04835992306470871, 0.046945568174123764, [0.06272821873426437, 0.059353556483983994, 0.05991916358470917, 0.058980926871299744, 0.05589915066957474, 0.0616954043507576, 0.05839506536722183, 0.06390349566936493]], "learned_reparam": {"mu_a": 0.5, "mu_b": 0.11930573731660843, "log_tau_a": 0.5, "log_tau_b": 0.4255393445491791, "theta_a": [0.022922903299331665, 0.018611043691635132, 0.032221436500549316, 0.02476555109024048, 0.03198349475860596, 0.028625667095184326, 0.026281535625457764, 0.02241969108581543], "theta_b": [0.014244049787521362, 0.0227053165435791, 0.013405859470367432, 0.020333141088485718, 0.019817054271697998, 0.01869627833366394, 0.017949551343917847, 0.012118399143218994]}}