{"elbo": -31.573244094848633, "estimated_elbo_std": 0.043020136654376984, "learning_rate": 0.2, "initial_step_size": [0.041513197124004364, 0.12485158443450928, [0.0620238371193409, 0.05843836069107056, 0.06102436035871506, 0.06047942116856575, 0.05852758139371872, 0.05882350355386734, 0.05718855559825897, 0.06111931800842285]], "learned_reparam": {"mu_a": 0.46050283312797546, "mu_b": 0.020772390067577362, "log_tau_a": 0.9636567831039429, "log_tau_b": 0.9612454175949097, "theta_a": [0.0006217360496520996, 0.00047281384468078613, 0.0006630122661590576, 0.00040400028228759766, 0.0005371272563934326, 0.000819087028503418, 0.00039121508598327637, 0.0007835626602172852], "theta_b": [0.010154038667678833, 0.01399502158164978, 0.005834311246871948, 0.009923815727233887, 0.017525196075439453, 0.011048763990402222, 0.015505850315093994, 0.007658809423446655]}}