{"elbo": -31.615859985351562, "estimated_elbo_std": 0.04258168116211891, "learning_rate": 0.2, "initial_step_size": [0.043815240263938904, 0.11865922808647156, [0.060668036341667175, 0.060638029128313065, 0.06152019649744034, 0.06068456918001175, 0.06368626654148102, 0.059359949082136154, 0.06176958978176117, 0.061568986624479294]], "learned_reparam": {"mu_a": 0.5, "mu_b": 0.1211717501282692, "log_tau_a": 0.5, "log_tau_b": 0.9930428266525269, "theta_a": [0.005783349275588989, 0.005806297063827515, 0.0029340386390686035, 0.005741775035858154, 0.001893758773803711, 0.006059199571609497, 0.006888478994369507, 0.00523298978805542], "theta_b": [0.01048704981803894, 0.016858279705047607, 0.004105240106582642, 0.01067507266998291, 0.0002714097499847412, 0.005136728286743164, 0.011950165033340454, 0.009376674890518188]}}