{"elbo": -31.603864669799805, "estimated_elbo_std": 0.05773686617612839, "learning_rate": 0.02, "initial_step_size": [0.038546692579984665, 0.11925514042377472, [0.06200055032968521, 0.06105099618434906, 0.061001457273960114, 0.062358558177948, 0.06230366230010986, 0.06161912530660629, 0.06147729605436325, 0.06262034177780151]], "learned_reparam": null}