{"elbo": -31.593130111694336, "estimated_elbo_std": 0.05620085820555687, "learning_rate": 0.07, "initial_step_size": [0.03986439108848572, 0.12351375818252563, [0.06073994189500809, 0.06330759823322296, 0.06182343512773514, 0.062764972448349, 0.0630604475736618, 0.06121642887592316, 0.06238725781440735, 0.06195566803216934]], "learned_reparam": null}