{"elbo": -31.614791870117188, "estimated_elbo_std": 0.04714798927307129, "learning_rate": 0.005, "initial_step_size": [0.03950219601392746, 0.024308782070875168, [0.06219051033258438, 0.061597466468811035, 0.06218423694372177, 0.0618438646197319, 0.0612606480717659, 0.06181882321834564, 0.061439983546733856, 0.062130726873874664]], "learned_reparam": null}