{"elbo": -31.577350616455078, "estimated_elbo_std": 0.03893257677555084, "learning_rate": 0.01, "initial_step_size": [0.03966020047664642, 0.0249020978808403, [0.062216609716415405, 0.0622233971953392, 0.06192805618047714, 0.062160883098840714, 0.06141789257526398, 0.062377072870731354, 0.06221746653318405, 0.06208105385303497]], "learned_reparam": null, "num_leapfrog_steps": 4, "ess_min": [4954.197265625], "sem_min": [81.95403544108073], "acceptance_rate": [76.2448], "mcmc_time_sec": [48.325836181640625]}