{"elbo": -548.61767578125, "estimated_elbo_std": 0.36796119809150696, "learning_rate": 0.01, "initial_step_size": [0.007902328856289387, [0.04631529003381729, 0.03251508250832558, 0.03372911363840103, 0.033666059374809265, 0.04601973295211792, 0.03793124854564667, 0.04072675108909607, 0.0439436100423336, 0.0315244197845459, 0.042323749512434006, 0.03261183202266693, 0.026223143562674522, 0.032106634229421616, 0.03174817934632301, 0.04419941455125809, 0.038197699934244156, 0.029170701280236244, 0.029879659414291382, 0.028586290776729584, 0.03617257624864578, 0.04114909470081329, 0.036897752434015274, 0.03711085394024849, 0.03688435256481171, 0.030744943767786026, 0.036321744322776794, 0.03978012502193451, 0.03206712007522583, 0.03907850384712219, 0.03861316666007042, 0.03190013766288757, 0.032309673726558685, 0.038388531655073166, 0.03846578299999237, 0.042423635721206665, 0.030418671667575836, 0.04061615467071533, 0.03833791986107826, 0.04174458980560303, 0.032249681651592255, 0.039009202271699905, 0.04614690691232681, 0.03642882779240608, 0.02938476949930191, 0.03514068201184273, 0.04070857912302017, 0.042526423931121826, 0.03618776798248291, 0.04021236300468445, 0.039091166108846664, 0.03144276514649391, 0.03478093445301056, 0.040675025433301926, 0.03954606503248215, 0.03740166872739792, 0.0402398444712162, 0.04409024119377136, 0.040795519948005676, 0.04194674640893936, 0.03745383769273758, 0.045861274003982544, 0.029101073741912842], [0.0038649640046060085, 0.004756932146847248, 0.004605988506227732, 0.004911444615572691, 0.0038483699318021536, 0.004601649008691311, 0.004275032784789801, 0.004117081873118877, 0.0076598357409238815, 0.005774285178631544, 0.013830994255840778, 0.010048293508589268, 0.015017716214060783, 0.015162060037255287, 0.004711476620286703, 0.008820082992315292, 0.010197915136814117, 0.009223089553415775, 0.01604365184903145, 0.012136616744101048, 0.006732027977705002, 0.007572071626782417, 0.01169371884316206, 0.012088550254702568, 0.016600150614976883, 0.012925324961543083, 0.008066229522228241, 0.0059278844855725765, 0.008463803678750992, 0.009657982736825943, 0.015810301527380943, 0.011619028635323048, 0.008953881449997425, 0.0075736623257398605, 0.005711009260267019, 0.011580629274249077, 0.006690671667456627, 0.010207579471170902, 0.005808675661683083, 0.006707846652716398, 0.008466438390314579, 0.003992862533777952, 0.011150185018777847, 0.01876501925289631, 0.007970758713781834, 0.006272050552070141, 0.005542258732020855, 0.008995245210826397, 0.007627543527632952, 0.009460128843784332, 0.0055359648540616035, 0.009006541222333908, 0.004959390498697758, 0.00768234021961689, 0.011036220006644726, 0.00653420016169548, 0.004582646302878857, 0.007136099506169558, 0.004864467773586512, 0.006404442712664604, 0.003936327062547207, 0.02411198988556862]], "learned_reparam": null}