{"elbo": -534.1207275390625, "estimated_elbo_std": 0.4298943281173706, "learning_rate": 0.02, "initial_step_size": [0.0020954543724656105, [0.05238083004951477, 0.03182926028966904, 0.03495015949010849, 0.034535691142082214, 0.051256559789180756, 0.041692230850458145, 0.046150095760822296, 0.04997099190950394, 0.034992750734090805, 0.05055169016122818, 0.049461811780929565, 0.026571029797196388, 0.05117255821824074, 0.05077426880598068, 0.0494898185133934, 0.05185464024543762, 0.029717542231082916, 0.032214537262916565, 0.03453604876995087, 0.05621187388896942, 0.05084308981895447, 0.04549200460314751, 0.05726251378655434, 0.05557149648666382, 0.048162829130887985, 0.057544589042663574, 0.052934031933546066, 0.03156829997897148, 0.052076246589422226, 0.05343249440193176, 0.054090142250061035, 0.042957063764333725, 0.05226278305053711, 0.049077823758125305, 0.05043885111808777, 0.03683433309197426, 0.05174078419804573, 0.052922967821359634, 0.05095810443162918, 0.032871898263692856, 0.05251498520374298, 0.05117494985461235, 0.053346626460552216, 0.042919497936964035, 0.043942973017692566, 0.05133584886789322, 0.051261045038700104, 0.048946309834718704, 0.050582632422447205, 0.05315444990992546, 0.03088948130607605, 0.04677198827266693, 0.04358166828751564, 0.05188323184847832, 0.054288629442453384, 0.0517437681555748, 0.05080661550164223, 0.05116400122642517, 0.04955674707889557, 0.04867394268512726, 0.051234934478998184, 0.05252046510577202], [0.009252619929611683, 0.005457394756376743, 0.005928731523454189, 0.00579457962885499, 0.008560720831155777, 0.008046463131904602, 0.008844521827995777, 0.009135371074080467, 0.010080676525831223, 0.01540819089859724, 0.02934357337653637, 0.009653117507696152, 0.032658375799655914, 0.03070490062236786, 0.011845197528600693, 0.026233594864606857, 0.010901616886258125, 0.011325709521770477, 0.019922634586691856, 0.04437995329499245, 0.019525784999132156, 0.017372917383909225, 0.04597540572285652, 0.04034973680973053, 0.030354704707860947, 0.04859132692217827, 0.025494134053587914, 0.006846552714705467, 0.02574964426457882, 0.032021794468164444, 0.03624110668897629, 0.019995903596282005, 0.028450263664126396, 0.01952340267598629, 0.014900175854563713, 0.016459506005048752, 0.019016217440366745, 0.03172075375914574, 0.016160424798727036, 0.008189010433852673, 0.02616150863468647, 0.009259077720344067, 0.03388344496488571, 0.027676887810230255, 0.01638772338628769, 0.017915472388267517, 0.015115423128008842, 0.021626822650432587, 0.02154211699962616, 0.03094421699643135, 0.006219820119440556, 0.01906750164926052, 0.010180819779634476, 0.023925991728901863, 0.039342138916254044, 0.01977810636162758, 0.011266606859862804, 0.021121853962540627, 0.011699601076543331, 0.014781726524233818, 0.009011346846818924, 0.0378592275083065]], "learned_reparam": {"overall_log_scale_a": 0.5, "overall_log_scale_b": 0.2197979986667633, "beta_log_scales_a": [0.2580195665359497, 0.6821058988571167, 0.5909839272499084, 0.6034427881240845, 0.3121457099914551, 0.473489910364151, 0.37443414330482483, 0.34777843952178955, 0.5357950329780579, 0.2933858335018158, 0.3816062808036804, 0.775703489780426, 0.3248922526836395, 0.3543240427970886, 0.33912986516952515, 0.2933991849422455, 0.743266224861145, 0.6292325854301453, 0.6083235144615173, 0.2629072070121765, 0.2644832134246826, 0.4663218855857849, 0.257526695728302, 0.2744417190551758, 0.3721248507499695, 0.23275601863861084, 0.29299813508987427, 0.6475324630737305, 0.2977373003959656, 0.284412145614624, 0.28704437613487244, 0.47355136275291443, 0.28662770986557007, 0.3362009525299072, 0.3094172477722168, 0.6202273368835449, 0.29385000467300415, 0.2873184084892273, 0.3101709485054016, 0.6359617710113525, 0.31486302614212036, 0.23480847477912903, 0.2753206789493561, 0.5149746537208557, 0.4880537688732147, 0.3042271137237549, 0.3068016767501831, 0.34346291422843933, 0.2999941408634186, 0.2867357134819031, 0.7334135174751282, 0.377272367477417, 0.44888603687286377, 0.32022541761398315, 0.26951128244400024, 0.27018609642982483, 0.27551910281181335, 0.29636433720588684, 0.2607649266719818, 0.3965992033481598, 0.25170448422431946, 0.3514481782913208], "beta_log_scales_b": [0.5, 0.5, 0.5, 0.5, 0.5, 0.5, 0.5, 0.5, 0.5, 0.5, 0.5, 0.5, 0.5, 0.5, 0.5, 0.5, 0.5, 0.5, 0.5, 0.5, 0.5, 0.5, 0.5, 0.5, 0.5, 0.5, 0.5, 0.5, 0.5, 0.5, 0.5, 0.5, 0.5, 0.5, 0.5, 0.5, 0.5, 0.5, 0.5, 0.5, 0.5, 0.5, 0.5, 0.5, 0.5, 0.5, 0.5, 0.5, 0.5, 0.5, 0.5, 0.5, 0.5, 0.5, 0.5, 0.5, 0.5, 0.5, 0.5, 0.5, 0.5, 0.5], "beta_a": [0.5, 0.5, 0.5, 0.5, 0.5, 0.5, 0.5, 0.5, 0.5, 0.5, 0.5, 0.5, 0.5, 0.5, 0.5, 0.5, 0.5, 0.5, 0.5, 0.5, 0.5, 0.5, 0.5, 0.5, 0.5, 0.5, 0.5, 0.5, 0.5, 0.5, 0.5, 0.5, 0.5, 0.5, 0.5, 0.5, 0.5, 0.5, 0.5, 0.5, 0.5, 0.5, 0.5, 0.5, 0.5, 0.5, 0.5, 0.5, 0.5, 0.5, 0.5, 0.5, 0.5, 0.5, 0.5, 0.5, 0.5, 0.5, 0.5, 0.5, 0.5, 0.5], "beta_b": [0.5693252682685852, 0.8564077615737915, 0.7979775071144104, 0.8178357481956482, 0.5754624605178833, 0.6358765959739685, 0.5747105479240417, 0.5618346333503723, 0.6921865344047546, 0.4514428973197937, 0.2542431056499481, 0.9302510023117065, 0.22017166018486023, 0.2392054796218872, 0.5004413723945618, 0.2947385311126709, 0.800848662853241, 0.758768618106842, 0.5564358234405518, 0.13041695952415466, 0.38609778881073, 0.40921908617019653, 0.1329730749130249, 0.17090585827827454, 0.25848880410194397, 0.09029388427734375, 0.3259970545768738, 0.8342717289924622, 0.3122025430202484, 0.24713864922523499, 0.19197478890419006, 0.42825761437416077, 0.26322078704833984, 0.39241883158683777, 0.4508064091205597, 0.553512692451477, 0.3984609842300415, 0.24571263790130615, 0.43911173939704895, 0.773658275604248, 0.3138594925403595, 0.569198727607727, 0.24122652411460876, 0.3358042240142822, 0.4341857135295868, 0.40705788135528564, 0.4451338052749634, 0.3668352961540222, 0.3566904664039612, 0.2537235617637634, 0.869976282119751, 0.39569544792175293, 0.5512744188308716, 0.3357112407684326, 0.1763162612915039, 0.3804730176925659, 0.5202783942222595, 0.36881062388420105, 0.5059834122657776, 0.4390519857406616, 0.5645061731338501, 0.1612541824579239]}}