{"elbo": -533.856689453125, "estimated_elbo_std": 0.439177006483078, "learning_rate": 0.005, "initial_step_size": [0.0035264608450233936, [0.05118329077959061, 0.032168105244636536, 0.03472238406538963, 0.03378929942846298, 0.051006019115448, 0.04194469004869461, 0.04684373363852501, 0.04969904571771622, 0.03474430367350578, 0.05110841616988182, 0.049514949321746826, 0.025981327518820763, 0.05139107257127762, 0.04942548647522926, 0.05044111981987953, 0.051951102912425995, 0.029130414128303528, 0.03161248937249184, 0.034982241690158844, 0.056136537343263626, 0.05141346901655197, 0.046684134751558304, 0.05633837729692459, 0.055062223225831985, 0.04803367331624031, 0.05788343399763107, 0.051987744867801666, 0.03145769611001015, 0.051619380712509155, 0.053200360387563705, 0.0538068562746048, 0.04199567809700966, 0.05279847979545593, 0.04954460263252258, 0.051189351826906204, 0.037054676562547684, 0.05117174610495567, 0.05297567695379257, 0.05034848675131798, 0.03304576501250267, 0.05211440473794937, 0.05115608125925064, 0.05293934419751167, 0.042611174285411835, 0.04511551186442375, 0.051361579447984695, 0.051057521253824234, 0.049013651907444, 0.05119476467370987, 0.05309801921248436, 0.030886434018611908, 0.04713130369782448, 0.04422930255532265, 0.051884278655052185, 0.05475436896085739, 0.05108819901943207, 0.05069288983941078, 0.0517815463244915, 0.04947509989142418, 0.0480959415435791, 0.05052938684821129, 0.052480846643447876], [0.008884141221642494, 0.005429012700915337, 0.005731132812798023, 0.005973362363874912, 0.008628947660326958, 0.008013961836695671, 0.008916119113564491, 0.00889526680111885, 0.010353554040193558, 0.015612098388373852, 0.02955370768904686, 0.010027294047176838, 0.03294481709599495, 0.030142486095428467, 0.012274523265659809, 0.026458824053406715, 0.0110020712018013, 0.010678453370928764, 0.020011646673083305, 0.04385583847761154, 0.019116844981908798, 0.01735294610261917, 0.04453843832015991, 0.03995731472969055, 0.030464140698313713, 0.04869641736149788, 0.0240164864808321, 0.006737741641700268, 0.02507379837334156, 0.0319407619535923, 0.03813521936535835, 0.019232984632253647, 0.02900553308427334, 0.019749483093619347, 0.014898618683218956, 0.016079749912023544, 0.019231311976909637, 0.03133609890937805, 0.016145534813404083, 0.008208696730434895, 0.026036828756332397, 0.00940660573542118, 0.033929429948329926, 0.026952339336276054, 0.01647797040641308, 0.017805056646466255, 0.015126100741326809, 0.02155783399939537, 0.021567588672041893, 0.03056246042251587, 0.005989074241369963, 0.0191972553730011, 0.010039249435067177, 0.02358059771358967, 0.03914160653948784, 0.01851203851401806, 0.01121860183775425, 0.021903887391090393, 0.011434976011514664, 0.014895753934979439, 0.008585767820477486, 0.03797834366559982]], "learned_reparam": {"overall_log_scale_a": 0.7525386214256287, "overall_log_scale_b": 0.4599902331829071, "beta_log_scales_a": [0.3477577269077301, 0.5981737375259399, 0.5939335823059082, 0.5895442962646484, 0.32569199800491333, 0.4902159869670868, 0.32731810212135315, 0.31827512383461, 0.43350109457969666, 0.2256336510181427, 0.3453284204006195, 0.7182502746582031, 0.23537904024124146, 0.27881473302841187, 0.34273165464401245, 0.26871350407600403, 0.6859289407730103, 0.5983754396438599, 0.5950058102607727, 0.1276606023311615, 0.29209351539611816, 0.49939852952957153, 0.1410137116909027, 0.1579410433769226, 0.3352545499801636, 0.10915723443031311, 0.26612621545791626, 0.6051280498504639, 0.27348893880844116, 0.2378990352153778, 0.20207327604293823, 0.47232159972190857, 0.2408471703529358, 0.2898062467575073, 0.3243526220321655, 0.592369019985199, 0.313726544380188, 0.16230958700180054, 0.2693483829498291, 0.6786357760429382, 0.2892206907272339, 0.347592294216156, 0.21194389462471008, 0.5208741426467896, 0.5107594728469849, 0.3083978295326233, 0.32266348600387573, 0.3468542695045471, 0.20617160201072693, 0.209271639585495, 0.7198772430419922, 0.34337329864501953, 0.5223312973976135, 0.26469525694847107, 0.1790015697479248, 0.3000064492225647, 0.3318464756011963, 0.28130173683166504, 0.31512412428855896, 0.40005481243133545, 0.33543696999549866, 0.3549749553203583], "beta_log_scales_b": [0.08535405993461609, 0.17472150921821594, 0.15859389305114746, 0.16439607739448547, 0.08571094274520874, 0.12001761794090271, 0.0994827151298523, 0.08967593312263489, 0.1587311029434204, 0.08581316471099854, 0.0898527204990387, 0.21975064277648926, 0.08441674709320068, 0.09042951464653015, 0.08740711212158203, 0.08298155665397644, 0.19574519991874695, 0.1783437430858612, 0.15705367922782898, 0.07338985800743103, 0.08460342884063721, 0.10003992915153503, 0.07304099202156067, 0.07541024684906006, 0.09479504823684692, 0.07060959935188293, 0.08291691541671753, 0.17924919724464417, 0.08387678861618042, 0.07968834042549133, 0.07818511128425598, 0.11999580264091492, 0.08076730370521545, 0.09017288684844971, 0.0852632224559784, 0.14494693279266357, 0.08528587222099304, 0.08022883534431458, 0.08776846528053284, 0.16895538568496704, 0.08254557847976685, 0.08535033464431763, 0.08023768663406372, 0.11678782105445862, 0.10611668229103088, 0.08477586507797241, 0.08564794063568115, 0.0917229950428009, 0.0854046642780304, 0.07995918393135071, 0.183020681142807, 0.09827080368995667, 0.10983118414878845, 0.08323019742965698, 0.07611328363418579, 0.08551466464996338, 0.08669540286064148, 0.08354565501213074, 0.0902886688709259, 0.09511557221412659, 0.08713824301958084, 0.0816301628947258], "beta_a": [0.49191007018089294, 0.6979278326034546, 0.6693263649940491, 0.6707876324653625, 0.3229026198387146, 0.6172101497650146, 0.5620917081832886, 0.4911991059780121, 0.6790468692779541, 0.5262889266014099, 0.8156736493110657, 0.898178219795227, 0.7041217088699341, 0.7129058837890625, 0.5387370586395264, 0.6489118933677673, 0.832728385925293, 0.7706549167633057, 0.8187621831893921, 0.5579484701156616, 0.4814724624156952, 0.696770191192627, 0.43149587512016296, 0.5981042385101318, 0.7471343874931335, 0.5974899530410767, 0.4665541648864746, 0.7794854640960693, 0.6142820119857788, 0.5281462669372559, 0.7403894662857056, 0.7541084289550781, 0.48543184995651245, 0.6061572432518005, 0.4765559434890747, 0.7884776592254639, 0.556793749332428, 0.5794886350631714, 0.5569096803665161, 0.7678638100624084, 0.5695534944534302, 0.478482186794281, 0.6090134978294373, 0.8292592763900757, 0.721717894077301, 0.47052672505378723, 0.4754709005355835, 0.6686506867408752, 0.5736318230628967, 0.49869051575660706, 0.803642749786377, 0.6913546323776245, 0.6581652164459229, 0.4199872314929962, 0.511060357093811, 0.4843181371688843, 0.484147846698761, 0.4897999167442322, 0.5543774962425232, 0.6421499848365784, 0.4878620207309723, 0.8243864178657532],