{"elbo": -534.003173828125, "estimated_elbo_std": 0.3459763526916504, "learning_rate": 0.02, "initial_step_size": [0.0020797024480998516, [0.05051582306623459, 0.0318576954305172, 0.034844353795051575, 0.034273356199264526, 0.050014808773994446, 0.04251658171415329, 0.04685118421912193, 0.04957275465130806, 0.035236865282058716, 0.05150507390499115, 0.05002245679497719, 0.025845004245638847, 0.05182093009352684, 0.05061478167772293, 0.049873922020196915, 0.05265245959162712, 0.02954355999827385, 0.03225235641002655, 0.03537213057279587, 0.056694164872169495, 0.05194418132305145, 0.04662267491221428, 0.056812576949596405, 0.05439451336860657, 0.050143297761678696, 0.05681455880403519, 0.05126505717635155, 0.03164559602737427, 0.05054407939314842, 0.05326366424560547, 0.05465254187583923, 0.04246346652507782, 0.05290745198726654, 0.04980981722474098, 0.051412977278232574, 0.03726857900619507, 0.0529082715511322, 0.052210621535778046, 0.04969032108783722, 0.033392392098903656, 0.051671795547008514, 0.050753843039274216, 0.05220426246523857, 0.042035844177007675, 0.04454866796731949, 0.0517205111682415, 0.05115986242890358, 0.048694271594285965, 0.05164396017789841, 0.0536896251142025, 0.030957059934735298, 0.04813113808631897, 0.043103933334350586, 0.05191609263420105, 0.05424751713871956, 0.051415614783763885, 0.05025811493396759, 0.05114540830254555, 0.04784427955746651, 0.04864589497447014, 0.04956158250570297, 0.05102163553237915], [0.008678651414811611, 0.005423479713499546, 0.005776648875325918, 0.006055022589862347, 0.008818543516099453, 0.008122305385768414, 0.008878486230969429, 0.008787672966718674, 0.010397400707006454, 0.015469555743038654, 0.030092354863882065, 0.00980072095990181, 0.03301317244768143, 0.029633071273565292, 0.0114769097417593, 0.025893738493323326, 0.011081545613706112, 0.010854708030819893, 0.020146995782852173, 0.04504917562007904, 0.019130276516079903, 0.017385588958859444, 0.04504145681858063, 0.039508234709501266, 0.02928750216960907, 0.04984116554260254, 0.024537110701203346, 0.006694366689771414, 0.02580978348851204, 0.03161065652966499, 0.03713955357670784, 0.019391238689422607, 0.02847980335354805, 0.01943758875131607, 0.015621554106473923, 0.016259098425507545, 0.01878797635436058, 0.030990947037935257, 0.015483182854950428, 0.008046286180615425, 0.02578856237232685, 0.0095679247751832, 0.03387240320444107, 0.027164822444319725, 0.017175910994410515, 0.0176402498036623, 0.0153307830914855, 0.02188168652355671, 0.021474359557032585, 0.03150027245283127, 0.006070737261325121, 0.01947655901312828, 0.010184566490352154, 0.023535246029496193, 0.0388566255569458, 0.01903168484568596, 0.011158749461174011, 0.021026235073804855, 0.011263682506978512, 0.01503500435501337, 0.008957786485552788, 0.037188321352005005]], "learned_reparam": {"overall_log_scale_a": 0.5, "overall_log_scale_b": 0.21983596682548523, "beta_log_scales_a": [0.2737707495689392, 0.6778597831726074, 0.5904066562652588, 0.6034273505210876, 0.2556992769241333, 0.4615537226200104, 0.3844184875488281, 0.2661644220352173, 0.544894814491272, 0.2611127495765686, 0.3725742697715759, 0.7744290828704834, 0.31992262601852417, 0.355224072933197, 0.3774188160896301, 0.30143025517463684, 0.7485347390174866, 0.627990186214447, 0.6130746006965637, 0.2510535717010498, 0.2788468897342682, 0.4847232401371002, 0.25843775272369385, 0.26989609003067017, 0.34005481004714966, 0.24009671807289124, 0.2747191786766052, 0.6308454275131226, 0.2842905819416046, 0.28842324018478394, 0.3027559816837311, 0.47792869806289673, 0.2949637472629547, 0.35815465450286865, 0.3243976831436157, 0.6116775274276733, 0.32133615016937256, 0.30178722739219666, 0.2886350154876709, 0.649300754070282, 0.2832203507423401, 0.25093644857406616, 0.2983115315437317, 0.5301823616027832, 0.4734220504760742, 0.30305278301239014, 0.31784605979919434, 0.3552861511707306, 0.29416990280151367, 0.2780764698982239, 0.7279581427574158, 0.3314281702041626, 0.4711174964904785, 0.2776985168457031, 0.2688627243041992, 0.2942653298377991, 0.2871566414833069, 0.30174970626831055, 0.28854984045028687, 0.37902605533599854, 0.2502364218235016, 0.33896970748901367], "beta_log_scales_b": [0.5, 0.5, 0.5, 0.5, 0.5, 0.5, 0.5, 0.5, 0.5, 0.5, 0.5, 0.5, 0.5, 0.5, 0.5, 0.5, 0.5, 0.5, 0.5, 0.5, 0.5, 0.5, 0.5, 0.5, 0.5, 0.5, 0.5, 0.5, 0.5, 0.5, 0.5, 0.5, 0.5, 0.5, 0.5, 0.5, 0.5, 0.5, 0.5, 0.5, 0.5, 0.5, 0.5, 0.5, 0.5, 0.5, 0.5, 0.5, 0.5, 0.5, 0.5, 0.5, 0.5, 0.5, 0.5, 0.5, 0.5, 0.5, 0.5, 0.5, 0.5, 0.5], "beta_a": [0.5, 0.5, 0.5, 0.5, 0.5, 0.5, 0.5, 0.5, 0.5, 0.5, 0.5, 0.5, 0.5, 0.5, 0.5, 0.5, 0.5, 0.5, 0.5, 0.5, 0.5, 0.5, 0.5, 0.5, 0.5, 0.5, 0.5, 0.5, 0.5, 0.5, 0.5, 0.5, 0.5, 0.5, 0.5, 0.5, 0.5, 0.5, 0.5, 0.5, 0.5, 0.5, 0.5, 0.5, 0.5, 0.5, 0.5, 0.5, 0.5, 0.5, 0.5, 0.5, 0.5, 0.5, 0.5, 0.5, 0.5, 0.5, 0.5, 0.5, 0.5, 0.5], "beta_b": [0.5581300854682922, 0.8627333641052246, 0.7970852851867676, 0.8092069625854492, 0.5687602162361145, 0.6333837509155273, 0.569535493850708, 0.5638394355773926, 0.6856110095977783, 0.44518256187438965, 0.2510993778705597, 0.9238592982292175, 0.22362840175628662, 0.25262436270713806, 0.5064303278923035, 0.2976572513580322, 0.794562578201294, 0.7523598670959473, 0.5446464419364929, 0.12831157445907593, 0.3963402509689331, 0.43427368998527527, 0.12453681230545044, 0.167365163564682, 0.26664942502975464, 0.09576213359832764, 0.33253994584083557, 0.8302521705627441, 0.3162930905818939, 0.24739274382591248, 0.16486719250679016, 0.4307708144187927, 0.2655407786369324, 0.3783038258552551, 0.46516743302345276, 0.5594861507415771, 0.3943972885608673, 0.25057387351989746, 0.44348153471946716, 0.7637071013450623, 0.3187575936317444, 0.5707154870033264, 0.2271866500377655, 0.34083202481269836, 0.4441074728965759, 0.40622156858444214, 0.4460490942001343, 0.35802143812179565, 0.3692740797996521, 0.24838337302207947, 0.8782479763031006, 0.4019109904766083, 0.577380895614624, 0.3328438997268677, 0.17827120423316956, 0.40656960010528564, 0.5120671987533569, 0.38959187269210815, 0.5044406652450562, 0.46214210987091064, 0.5690444111824036, 0.1421896517276764]}}