{"elbo": -540.7918090820312, "estimated_elbo_std": 0.5778785943984985, "learning_rate": 0.02, "initial_step_size": [0.0008221273892559111, [0.042124323546886444, 0.02968006394803524, 0.030873622745275497, 0.03039095550775528, 0.0441419892013073, 0.03422152251005173, 0.0380498468875885, 0.041289594024419785, 0.02882910892367363, 0.042706310749053955, 0.04719020053744316, 0.02455081045627594, 0.04982491210103035, 0.04584325850009918, 0.0397627130150795, 0.04796341806650162, 0.026795634999871254, 0.02817637100815773, 0.02644333802163601, 0.05399809032678604, 0.04416114091873169, 0.03883599862456322, 0.05477322265505791, 0.05282597988843918, 0.04408570006489754, 0.05862461030483246, 0.04698159918189049, 0.027747884392738342, 0.04553646221756935, 0.049781545996665955, 0.05287383869290352, 0.041525859385728836, 0.048530422151088715, 0.0433557853102684, 0.04231064394116402, 0.028347935527563095, 0.04284500703215599, 0.049545202404260635, 0.04308038204908371, 0.029595382511615753, 0.048258595168590546, 0.04213791340589523, 0.05041692778468132, 0.04030998423695564, 0.03907211497426033, 0.04463610053062439, 0.04303434118628502, 0.042543623596429825, 0.04615163430571556, 0.04934711381793022, 0.028950657695531845, 0.0429719015955925, 0.033005788922309875, 0.04634743183851242, 0.05189841240644455, 0.04372226819396019, 0.04166506975889206, 0.045112065970897675, 0.04033580794930458, 0.0404391847550869, 0.04175654426217079, 0.052501678466796875], [0.003176664700731635, 0.004737541079521179, 0.0046044038608670235, 0.00472702132537961, 0.0032524955458939075, 0.004270607605576515, 0.003926084376871586, 0.0034529271069914103, 0.007418197114020586, 0.04358723759651184, 0.045734480023384094, 0.009696343913674355, 0.04816490039229393, 0.0446782112121582, 0.0040279957465827465, 0.04848809912800789, 0.009990496560931206, 0.009071568958461285, 0.01565268449485302, 0.05579719692468643, 0.043795157223939896, 0.03713715076446533, 0.05696341022849083, 0.055850550532341, 0.044694554060697556, 0.05896776542067528, 0.04899783432483673, 0.005904915276914835, 0.04747059568762779, 0.05282795801758766, 0.05131930857896805, 0.038629841059446335, 0.05098123848438263, 0.042153626680374146, 0.040586717426776886, 0.010718997567892075, 0.04269498214125633, 0.04974097013473511, 0.04084571823477745, 0.0066321841441094875, 0.04813096672296524, 0.0032660949509590864, 0.05161777511239052, 0.040310945361852646, 0.03673744946718216, 0.04433067888021469, 0.04142910614609718, 0.042215798050165176, 0.04543904587626457, 0.05120444670319557, 0.0054156300611793995, 0.041685957461595535, 0.005378164816647768, 0.04730118066072464, 0.05456643924117088, 0.04464075341820717, 0.003667348064482212, 0.045875683426856995, 0.0041593885980546474, 0.037633638828992844, 0.0031995829194784164, 0.04546592757105827]], "learned_reparam": null}