{"elbo": -540.85205078125, "estimated_elbo_std": 0.6831799149513245, "learning_rate": 0.01, "initial_step_size": [0.0007703246083110571, [0.04215753823518753, 0.02989225462079048, 0.03143882006406784, 0.031126851215958595, 0.04251190274953842, 0.03501569479703903, 0.03829875588417053, 0.04095311835408211, 0.029303163290023804, 0.04202049598097801, 0.04651561751961708, 0.02469872683286667, 0.04863876476883888, 0.045073043555021286, 0.039685025811195374, 0.0466434471309185, 0.026420826092362404, 0.02776193991303444, 0.026527758687734604, 0.0553911030292511, 0.0445568785071373, 0.039866574108600616, 0.05469311401247978, 0.05353346839547157, 0.04495524987578392, 0.05778084322810173, 0.046637553721666336, 0.028500694781541824, 0.046448249369859695, 0.050635237246751785, 0.05202255770564079, 0.03976716846227646, 0.04801265895366669, 0.04209471493959427, 0.04376479610800743, 0.028243331238627434, 0.04441017284989357, 0.04887241870164871, 0.04143776744604111, 0.02915392629802227, 0.04854044318199158, 0.04279366508126259, 0.0497979037463665, 0.04122527688741684, 0.03877699002623558, 0.04349425435066223, 0.042622726410627365, 0.04328172653913498, 0.044633861631155014, 0.05004650726914406, 0.028368832543492317, 0.042684294283390045, 0.03251791000366211, 0.04695108160376549, 0.052473630756139755, 0.045924313366413116, 0.04126206040382385, 0.04546884074807167, 0.03996458277106285, 0.04019324481487274, 0.04217910394072533, 0.051870230585336685], [0.00326582626439631, 0.004669673275202513, 0.004474936053156853, 0.004715200513601303, 0.003231294685974717, 0.004443904850631952, 0.0038649500347673893, 0.003482692874968052, 0.007548054680228233, 0.0410551056265831, 0.044934459030628204, 0.009883358143270016, 0.047336552292108536, 0.0448894202709198, 0.0041972566395998, 0.04770592600107193, 0.009922070428729057, 0.00903443992137909, 0.015342779457569122, 0.056838810443878174, 0.044938161969184875, 0.03785762935876846, 0.05761323124170303, 0.054942406713962555, 0.0446990504860878, 0.05858872830867767, 0.04843305051326752, 0.005808974616229534, 0.04663259536027908, 0.05338990315794945, 0.0502476766705513, 0.039146315306425095, 0.050718244165182114, 0.04218446835875511, 0.04168461635708809, 0.010906904935836792, 0.04319801181554794, 0.05082007125020027, 0.040401358157396317, 0.006372551899403334, 0.04850395768880844, 0.0034085942897945642, 0.05107573792338371, 0.03960903361439705, 0.03698216751217842, 0.04343649744987488, 0.04079841077327728, 0.04264466091990471, 0.04520439729094505, 0.051812611520290375, 0.0054618800058960915, 0.041686274111270905, 0.005302831530570984, 0.04835102707147598, 0.05503460764884949, 0.045069094747304916, 0.003661832306534052, 0.046232134103775024, 0.004103966522961855, 0.03758854418992996, 0.0033008968457579613, 0.04514547809958458]], "learned_reparam": null}