{"elbo": -540.7236938476562, "estimated_elbo_std": 0.6956648826599121, "learning_rate": 0.005, "initial_step_size": [0.0007994459592737257, [0.04203653708100319, 0.029964223504066467, 0.03094904124736786, 0.030460240319371223, 0.043056052178144455, 0.03457845374941826, 0.03803863748908043, 0.040818843990564346, 0.029106784611940384, 0.04313251003623009, 0.04740098863840103, 0.024526825174689293, 0.048752762377262115, 0.04613324627280235, 0.03993513435125351, 0.04728833958506584, 0.026414655148983, 0.027747679501771927, 0.02665751613676548, 0.054834846407175064, 0.04445578530430794, 0.03985542058944702, 0.05524642765522003, 0.05232909694314003, 0.04556219279766083, 0.05760781466960907, 0.047099094837903976, 0.028704874217510223, 0.04593753069639206, 0.049996234476566315, 0.05198290944099426, 0.0393744520843029, 0.048233382403850555, 0.04363704472780228, 0.04302060604095459, 0.028595924377441406, 0.04366272687911987, 0.04883613437414169, 0.042555395513772964, 0.029165763407945633, 0.047462619841098785, 0.04244670644402504, 0.049886662513017654, 0.04022698104381561, 0.038645293563604355, 0.04367160424590111, 0.04303115978837013, 0.04286866635084152, 0.0449616014957428, 0.049508582800626755, 0.02851599082350731, 0.0420830100774765, 0.032897625118494034, 0.04639420285820961, 0.0528000146150589, 0.04473423585295677, 0.04075491800904274, 0.04590178281068802, 0.03916008397936821, 0.04058762267231941, 0.042309150099754333, 0.05192368105053902], [0.0032417227048426867, 0.0046271574683487415, 0.004473355133086443, 0.004715684335678816, 0.0032662786543369293, 0.004379593767225742, 0.003866995219141245, 0.0034424287732690573, 0.0074998470954597, 0.04129394516348839, 0.044651638716459274, 0.00993550755083561, 0.0471624955534935, 0.04478756710886955, 0.004080190788954496, 0.04761647433042526, 0.009978697635233402, 0.008986443281173706, 0.01531128492206335, 0.05614640563726425, 0.044755950570106506, 0.0378829762339592, 0.05763876438140869, 0.054268211126327515, 0.04460444301366806, 0.05826333165168762, 0.048536352813243866, 0.005832522176206112, 0.04672092944383621, 0.052580684423446655, 0.04984850436449051, 0.03804531320929527, 0.05040634423494339, 0.04245629906654358, 0.040973298251628876, 0.010929296724498272, 0.04288880527019501, 0.050662361085414886, 0.04043738916516304, 0.006335992831736803, 0.04799177870154381, 0.0033245678059756756, 0.051001131534576416, 0.0391215942800045, 0.036696359515190125, 0.043641336262226105, 0.040984947234392166, 0.0422208309173584, 0.04508611187338829, 0.05144665390253067, 0.005419380497187376, 0.041504867374897, 0.00519645307213068, 0.04755963385105133, 0.054741889238357544, 0.0446743369102478, 0.003757012542337179, 0.04602811112999916, 0.004065078217536211, 0.03750929981470108, 0.003328135469928384, 0.04524380713701248]], "learned_reparam": null, "num_leapfrog_steps": 1, "ess_min": [1.0002305507659912], "sem_min": [1.2979680732785808e-05], "acceptance_rate": [75.1688], "mcmc_time_sec": [138.34845089912415]}