{"elbo": -547.08447265625, "estimated_elbo_std": 0.6431980729103088, "learning_rate": 0.005, "initial_step_size": [0.0004144471895415336, [0.04167061671614647, 0.013022485189139843, 0.0218953937292099, 0.019291047006845474, 0.04176678881049156, 0.03416787460446358, 0.038733191788196564, 0.0414448082447052, 0.025932932272553444, 0.04493137449026108, 0.049718018621206284, 0.00736892968416214, 0.05250733345746994, 0.049175895750522614, 0.04343707486987114, 0.04985208809375763, 0.015093838796019554, 0.02182801626622677, 0.029566604644060135, 0.05695086717605591, 0.047526765614748, 0.0397777184844017, 0.05677551403641701, 0.05515889823436737, 0.05039558187127113, 0.05892493575811386, 0.049189068377017975, 0.03615196421742439, 0.04961375519633293, 0.05214577913284302, 0.054724764078855515, 0.02414107881486416, 0.05109473317861557, 0.0460781492292881, 0.045276325196027756, 0.030882123857736588, 0.04658377170562744, 0.05138462781906128, 0.04348278045654297, 0.024342546239495277, 0.050296179950237274, 0.04222787916660309, 0.052360691130161285, 0.046866342425346375, 0.0399363748729229, 0.04633616656064987, 0.04512624815106392, 0.04552440717816353, 0.043596748262643814, 0.05169320106506348, 0.030034104362130165, 0.04327234998345375, 0.03850853070616722, 0.048961982131004333, 0.05512191355228424, 0.04723102226853371, 0.04339994117617607, 0.04794231057167053, 0.04270210862159729, 0.04292483627796173, 0.04215478152036667, 0.057109344750642776], [0.03782108053565025, 0.015716364607214928, 0.022955361753702164, 0.021982107311487198, 0.03760213404893875, 0.031240005046129227, 0.03556673601269722, 0.037531811743974686, 0.02854274958372116, 0.04474019259214401, 0.046363141387701035, 0.011282600462436676, 0.04986816644668579, 0.04734436422586441, 0.040583014488220215, 0.05133052542805672, 0.020678849890828133, 0.026922786608338356, 0.033511556684970856, 0.058402497321367264, 0.04843054339289665, 0.03855542093515396, 0.058923497796058655, 0.057089805603027344, 0.04917376488447189, 0.059800006449222565, 0.0515376552939415, 0.033835701644420624, 0.05151342228055, 0.0537758469581604, 0.04928434267640114, 0.029459338635206223, 0.05344953387975693, 0.045238178223371506, 0.04508044943213463, 0.03381767123937607, 0.04615664854645729, 0.053692035377025604, 0.043119288980960846, 0.026950664818286896, 0.0518350787460804, 0.03856109455227852, 0.05394221842288971, 0.04341089352965355, 0.03851110488176346, 0.047491781413555145, 0.04542968049645424, 0.04563657566905022, 0.04351489990949631, 0.05391273647546768, 0.02856384590268135, 0.043158214539289474, 0.034414637833833694, 0.051023151725530624, 0.056885458528995514, 0.048372361809015274, 0.04153392091393471, 0.049983371049165726, 0.0407412014901638, 0.0414511002600193, 0.03782038390636444, 0.049561452120542526]], "learned_reparam": null}