{"elbo": -1163.7412109375, "estimated_elbo_std": 0.0567786805331707, "learning_rate": 0.005, "initial_step_size": [0.0067688580602407455, 0.016973208636045456, 0.005031556822359562, [0.027871282771229744, 0.008634709753096104, 0.031219791620969772, 0.022028565406799316, 0.02811327390372753, 0.03140665963292122, 0.016077153384685516, 0.027890849858522415, 0.018833700567483902, 0.02353694848716259, 0.025546150282025337, 0.027983173727989197, 0.023706048727035522, 0.016025660559535027, 0.028048232197761536, 0.03601193428039551, 0.028031539171934128, 0.017268918454647064, 0.007790829986333847, 0.03143545240163803, 0.019782835617661476, 0.02355557680130005, 0.03587159514427185, 0.019839119166135788, 0.015992557629942894, 0.006089921575039625, 0.0234526414424181, 0.025580771267414093, 0.03148758038878441, 0.018041428178548813, 0.025491919368505478, 0.027897045016288757, 0.027997098863124847, 0.03108004666864872, 0.022071456536650658, 0.036290742456912994, 0.019821705296635628, 0.02794991433620453, 0.02548740990459919, 0.027935154736042023, 0.020898085087537766, 0.044248323887586594, 0.019719114527106285, 0.02216833271086216, 0.01671462319791317, 0.025568092241883278, 0.036165229976177216, 0.01955987885594368, 0.016721392050385475, 0.04433844983577728, 0.02783038839697838, 0.031179901212453842, 0.030989686027169228, 0.012746825814247131, 0.020980698987841606, 0.03136183321475983, 0.023644592612981796, 0.02797793596982956, 0.027968719601631165, 0.036104440689086914, 0.010889356024563313, 0.02560981549322605, 0.031307417899370193, 0.018107635900378227, 0.03614591807126999, 0.016081001609563828, 0.01674634963274002, 0.020794155076146126, 0.02790118381381035, 0.005802089814096689, 0.012343271635472775, 0.018882915377616882, 0.035892535001039505, 0.02798009291291237, 0.031228045001626015, 0.02794499322772026, 0.022001035511493683, 0.02543955296278, 0.028062820434570312, 0.009133786894381046, 0.03136032819747925, 0.044336117804050446, 0.016659658402204514, 0.016658997163176537, 0.03616607189178467]], "learned_reparam": null}