{"elbo": -1163.701171875, "estimated_elbo_std": 0.038986314088106155, "learning_rate": 0.02, "initial_step_size": [0.006984177976846695, 0.017873086035251617, 0.005102232564240694, [0.02781859040260315, 0.008597937412559986, 0.031102214008569717, 0.022176457569003105, 0.02737005613744259, 0.031008053570985794, 0.015963640064001083, 0.028185436502099037, 0.018976785242557526, 0.02357400953769684, 0.025457778945565224, 0.027288144454360008, 0.023624209687113762, 0.0160472821444273, 0.027671843767166138, 0.03616001084446907, 0.028433889150619507, 0.017195871099829674, 0.007938246242702007, 0.03113912045955658, 0.019761977717280388, 0.023792864754796028, 0.03594420850276947, 0.01965387538075447, 0.016066407784819603, 0.006086413748562336, 0.02355138584971428, 0.025445031002163887, 0.031842127442359924, 0.01776120997965336, 0.025806568562984467, 0.027727901935577393, 0.02816677838563919, 0.031210515648126602, 0.02263026125729084, 0.036013707518577576, 0.01969430036842823, 0.027553468942642212, 0.025327367708086967, 0.027554063126444817, 0.02080405130982399, 0.04421716183423996, 0.0196622796356678, 0.02223939821124077, 0.016856789588928223, 0.0253768153488636, 0.036542318761348724, 0.01966162770986557, 0.01665201038122177, 0.0441100150346756, 0.02866370417177677, 0.03167601302266121, 0.03126902133226395, 0.012955018319189548, 0.021298332139849663, 0.031159035861492157, 0.02359759993851185, 0.028545860201120377, 0.027886152267456055, 0.03619389235973358, 0.011233773082494736, 0.02537871152162552, 0.030780749395489693, 0.017772626131772995, 0.03538840636610985, 0.016377288848161697, 0.016507362946867943, 0.020925506949424744, 0.027968253940343857, 0.005671747960150242, 0.012516596354544163, 0.019319089129567146, 0.03603139519691467, 0.028148692101240158, 0.031954750418663025, 0.028165273368358612, 0.021878279745578766, 0.02610401250422001, 0.027520710602402687, 0.009024735540151596, 0.031000230461359024, 0.04363694041967392, 0.0167678315192461, 0.016813598573207855, 0.035783376544713974]], "learned_reparam": {"mua_a": 0.5, "mua_b": 0.5, "b1_a": 0.5, "b1_b": 0.5, "b2_a": 0.5, "b2_b": 0.5, "m_a": [0.7956157922744751, 0.9635301828384399, 0.6357444524765015, 0.8562836647033691, 0.6840104460716248, 0.6982282996177673, 0.7650519609451294, 0.6843683123588562, 0.8641364574432373, 0.7372512221336365, 0.702385425567627, 0.7804230451583862, 0.8007097244262695, 0.8947957754135132, 0.7353773713111877, 0.6365816593170166, 0.7866829633712769, 0.87416672706604, 0.9418754577636719, 0.5849401950836182, 0.7763532400131226, 0.795107364654541, 0.6250119209289551, 0.8020926713943481, 0.7571033239364624, 0.887710452079773, 0.6938412189483643, 0.8151191473007202, 0.7263253927230835, 0.9063974618911743, 0.8050157427787781, 0.7541211843490601, 0.564876914024353, 0.6248378753662109, 0.7918963432312012, 0.6663419604301453, 0.8734973669052124, 0.7161228656768799, 0.8295574188232422, 0.771964430809021, 0.7118633389472961, 0.4882388710975647, 0.8435590267181396, 0.7890427708625793, 0.8321762681007385, 0.7243726253509521, 0.6069936752319336, 0.7965027093887329, 0.7697321176528931, 0.3749478757381439, 0.6431167125701904, 0.6816372871398926, 0.6989035606384277, 0.9036630392074585, 0.7993865609169006, 0.6926642060279846, 0.8026955127716064, 0.6360922455787659, 0.6769918203353882, 0.6595757603645325, 0.8943043351173401, 0.712323009967804, 0.7085388898849487, 0.8124266862869263, 0.6398300528526306, 0.8190042972564697, 0.8827898502349854, 0.8100310564041138, 0.7677867412567139, 0.917686939239502, 0.9286614656448364, 0.7895240783691406, 0.5504553318023682, 0.7547206282615662, 0.7273736596107483, 0.7002848386764526, 0.677993655204773, 0.8145236968994141, 0.7478410601615906, 0.9423965811729431, 0.526964545249939, 0.39562302827835083, 0.7931351065635681, 0.8034841418266296, 0.6656950116157532], "m_b": [0.5, 0.5, 0.5, 0.5, 0.5, 0.5, 0.5, 0.5, 0.5, 0.5, 0.5, 0.5, 0.5, 0.5, 0.5, 0.5, 0.5, 0.5, 0.5, 0.5, 0.5, 0.5, 0.5, 0.5, 0.5, 0.5, 0.5, 0.5, 0.5, 0.5, 0.5, 0.5, 0.5, 0.5, 0.5, 0.5, 0.5, 0.5, 0.5, 0.5, 0.5, 0.5, 0.5, 0.5, 0.5, 0.5, 0.5, 0.5, 0.5, 0.5, 0.5, 0.5, 0.5, 0.5, 0.5, 0.5, 0.5, 0.5, 0.5, 0.5, 0.5, 0.5, 0.5, 0.5, 0.5, 0.5, 0.5, 0.5, 0.5, 0.5, 0.5, 0.5, 0.5, 0.5, 0.5, 0.5, 0.5, 0.5, 0.5, 0.5, 0.5, 0.5, 0.5, 0.5, 0.5]}}