{"elbo": -1163.701416015625, "estimated_elbo_std": 0.06606997549533844, "learning_rate": 0.02, "initial_step_size": [0.0068504721857607365, 0.018204981461167336, 0.005002877674996853, [0.027798883616924286, 0.008505291305482388, 0.03154561668634415, 0.021989261731505394, 0.027762306854128838, 0.03129100799560547, 0.0164573285728693, 0.027347246184945107, 0.018643120303750038, 0.023378606885671616, 0.025396669283509254, 0.027537962421774864, 0.023818831890821457, 0.01603608950972557, 0.028022401034832, 0.03653837367892265, 0.028302257880568504, 0.01723325625061989, 0.007853067480027676, 0.031737957149744034, 0.01970769464969635, 0.023864148184657097, 0.03659443557262421, 0.01991122029721737, 0.016419459134340286, 0.006209587212651968, 0.023483289405703545, 0.025326725095510483, 0.03135772794485092, 0.01818203739821911, 0.025019241496920586, 0.02786293439567089, 0.027702922001481056, 0.03162049502134323, 0.02204776369035244, 0.036369699984788895, 0.020034097135066986, 0.02709105610847473, 0.025318488478660583, 0.02759920060634613, 0.02130291983485222, 0.044190216809511185, 0.019921962171792984, 0.023054907098412514, 0.016879236325621605, 0.025367705151438713, 0.03590400516986847, 0.01982959918677807, 0.016847316175699234, 0.04457664117217064, 0.02786693163216114, 0.030616898089647293, 0.03077099658548832, 0.012568593956530094, 0.020804906263947487, 0.031650085002183914, 0.023342778906226158, 0.028217948973178864, 0.02831542119383812, 0.03612333536148071, 0.010824376717209816, 0.025708157569169998, 0.031292229890823364, 0.018039096146821976, 0.03654082491993904, 0.016118334606289864, 0.01669037900865078, 0.0211982112377882, 0.02815105766057968, 0.005732384975999594, 0.012189931236207485, 0.018743975088000298, 0.035926878452301025, 0.027568243443965912, 0.03184473142027855, 0.028018653392791748, 0.02226901426911354, 0.025692064315080643, 0.02749660238623619, 0.009164473041892052, 0.03138316795229912, 0.04436640068888664, 0.016559410840272903, 0.016702814027667046, 0.035500943660736084]], "learned_reparam": {"mua_a": 0.5, "mua_b": 0.5, "b1_a": 0.5, "b1_b": 0.5, "b2_a": 0.5, "b2_b": 0.5, "m_a": [0.807991087436676, 0.9642089605331421, 0.6303902268409729, 0.8543926477432251, 0.6838217973709106, 0.710200309753418, 0.7617023587226868, 0.6992812156677246, 0.8587332367897034, 0.736751139163971, 0.710357666015625, 0.775077223777771, 0.8108623027801514, 0.8943220376968384, 0.766464114189148, 0.638488233089447, 0.7896320819854736, 0.8743486404418945, 0.9403482675552368, 0.5796255469322205, 0.7757087349891663, 0.7981607913970947, 0.6254860758781433, 0.7984927892684937, 0.74745112657547, 0.88721764087677, 0.696069598197937, 0.8166851997375488, 0.7190654277801514, 0.9059744477272034, 0.7973601818084717, 0.7559444904327393, 0.5610671043395996, 0.6275534629821777, 0.7952581644058228, 0.6550099849700928, 0.8729695081710815, 0.7164474725723267, 0.8224320411682129, 0.7756402492523193, 0.7122218012809753, 0.4873303771018982, 0.8511337637901306, 0.794142484664917, 0.8333644866943359, 0.7220356464385986, 0.612433671951294, 0.7859710454940796, 0.77473384141922, 0.37713512778282166, 0.6455516815185547, 0.6798811554908752, 0.6918565034866333, 0.9078465104103088, 0.8032917976379395, 0.6932238340377808, 0.8010770082473755, 0.6240667104721069, 0.6821303367614746, 0.6463848948478699, 0.8935198783874512, 0.7041593194007874, 0.7055891156196594, 0.8087178468704224, 0.6375558376312256, 0.8153740167617798, 0.8793219327926636, 0.8106184005737305, 0.7767196297645569, 0.9163514971733093, 0.9266971349716187, 0.7862465381622314, 0.5459322929382324, 0.7507135272026062, 0.7203369736671448, 0.699633002281189, 0.6702898144721985, 0.8196960687637329, 0.7545655965805054, 0.9422481060028076, 0.5392369031906128, 0.4075312614440918, 0.790552020072937, 0.7943845987319946, 0.6651234030723572], "m_b": [0.5, 0.5, 0.5, 0.5, 0.5, 0.5, 0.5, 0.5, 0.5, 0.5, 0.5, 0.5, 0.5, 0.5, 0.5, 0.5, 0.5, 0.5, 0.5, 0.5, 0.5, 0.5, 0.5, 0.5, 0.5, 0.5, 0.5, 0.5, 0.5, 0.5, 0.5, 0.5, 0.5, 0.5, 0.5, 0.5, 0.5, 0.5, 0.5, 0.5, 0.5, 0.5, 0.5, 0.5, 0.5, 0.5, 0.5, 0.5, 0.5, 0.5, 0.5, 0.5, 0.5, 0.5, 0.5, 0.5, 0.5, 0.5, 0.5, 0.5, 0.5, 0.5, 0.5, 0.5, 0.5, 0.5, 0.5, 0.5, 0.5, 0.5, 0.5, 0.5, 0.5, 0.5, 0.5, 0.5, 0.5, 0.5, 0.5, 0.5, 0.5, 0.5, 0.5, 0.5, 0.5]}}