{"elbo": -1163.60693359375, "estimated_elbo_std": 0.03828074410557747, "learning_rate": 0.01, "initial_step_size": [0.0071991123259067535, 0.0185997411608696, 0.005164537113159895, [0.027730941772460938, 0.008273066021502018, 0.03102046623826027, 0.021993396803736687, 0.027797969058156013, 0.031315941363573074, 0.01614762283861637, 0.02762744016945362, 0.01899677887558937, 0.02362956665456295, 0.025553517043590546, 0.027683328837156296, 0.023330165073275566, 0.016184533014893532, 0.02772241272032261, 0.036138564348220825, 0.02811962179839611, 0.01769977994263172, 0.007724951487034559, 0.03087962605059147, 0.01953262835741043, 0.0236411914229393, 0.03605399280786514, 0.020183388143777847, 0.016167322173714638, 0.005815111566334963, 0.023061469197273254, 0.025468140840530396, 0.03127408027648926, 0.01783880963921547, 0.025265242904424667, 0.027660975232720375, 0.028154432773590088, 0.030971437692642212, 0.022626692429184914, 0.03580830618739128, 0.02012510783970356, 0.02805226296186447, 0.025203129276633263, 0.028106866404414177, 0.02090528979897499, 0.04377632588148117, 0.020327070727944374, 0.021840987727046013, 0.016943255439400673, 0.025513799861073494, 0.036023419350385666, 0.02002917416393757, 0.016769560053944588, 0.044226013123989105, 0.028160179033875465, 0.03123302571475506, 0.03148377314209938, 0.012648748233914375, 0.021027134731411934, 0.0313495472073555, 0.023929331451654434, 0.027507230639457703, 0.027853431180119514, 0.0358385406434536, 0.011025802232325077, 0.02565079554915428, 0.031856901943683624, 0.01835111901164055, 0.035857126116752625, 0.01645338535308838, 0.01713007688522339, 0.02068454585969448, 0.027745313942432404, 0.005752970464527607, 0.01218196377158165, 0.019295142963528633, 0.036200813949108124, 0.028129830956459045, 0.031692761927843094, 0.02777710184454918, 0.022312810644507408, 0.024923427030444145, 0.02828548103570938, 0.00900768768042326, 0.03100987710058689, 0.04425124451518059, 0.016794024035334587, 0.016724800691008568, 0.03587667644023895]], "learned_reparam": {"mua_a": 0.8924219012260437, "mua_b": 0.4606570899486542, "b1_a": 0.5612425208091736, "b1_b": 0.2882291078567505, "b2_a": 0.7470346689224243, "b2_b": 0.5155460834503174, "m_a": [0.7900881767272949, 0.9546449184417725, 0.756026566028595, 0.8671406507492065, 0.7862094640731812, 0.7681952714920044, 0.9067370891571045, 0.8341691493988037, 0.8828741312026978, 0.849785566329956, 0.8257050514221191, 0.7984554767608643, 0.8395665884017944, 0.8923519253730774, 0.7983114719390869, 0.6547609567642212, 0.7920076847076416, 0.9030518531799316, 0.9459031820297241, 0.7704377770423889, 0.8845395445823669, 0.8197376728057861, 0.6708770990371704, 0.9032372236251831, 0.9043086767196655, 0.9131573438644409, 0.8536005020141602, 0.8273954391479492, 0.7378435134887695, 0.906983494758606, 0.808775007724762, 0.8033966422080994, 0.8630378246307373, 0.7399448156356812, 0.8104149103164673, 0.63432377576828, 0.8677847385406494, 0.8110910654067993, 0.8267512321472168, 0.7760665416717529, 0.8938030004501343, 0.5059833526611328, 0.8872237801551819, 0.859889805316925, 0.8969449400901794, 0.8243882656097412, 0.6465351581573486, 0.8791326284408569, 0.912801206111908, 0.5799360275268555, 0.8728638887405396, 0.7992440462112427, 0.7618775367736816, 0.9089666604995728, 0.8760249018669128, 0.7333881258964539, 0.826553463935852, 0.8142659664154053, 0.7932937145233154, 0.6656439900398254, 0.9136354327201843, 0.8670756816864014, 0.7654323577880859, 0.8949337005615234, 0.6872216463088989, 0.9061791300773621, 0.900919497013092, 0.8745831847190857, 0.7942453026771545, 0.9406803846359253, 0.9340757727622986, 0.8806458711624146, 0.6881913542747498, 0.7952941656112671, 0.7559868693351746, 0.8407449722290039, 0.8816606998443604, 0.8352252840995789, 0.7687567472457886, 0.9456368684768677, 0.8990092873573303, 0.5283151268959045, 0.8954683542251587, 0.8910145163536072, 0.6555086970329285], "m_b": [0.20549720525741577, 0.4382401406764984, 0.18182310461997986, 0.2537038326263428, 0.20495429635047913, 0.1797528862953186, 0.3154473304748535, 0.20630186796188354, 0.2833745777606964, 0.2388492226600647, 0.2226828634738922, 0.20587635040283203, 0.24160969257354736, 0.3150332570075989, 0.2055705189704895, 0.14971348643302917, 0.20252299308776855, 0.2974427342414856, 0.44974055886268616, 0.1827845275402069, 0.277769535779953, 0.23881033062934875, 0.1500982642173767, 0.2711731791496277, 0.3152799904346466, 0.4961487054824829, 0.2438577115535736, 0.22323593497276306, 0.17999869585037231, 0.2958531975746155, 0.22497126460075378, 0.20603680610656738, 0.20226290822029114, 0.18212959170341492, 0.24774008989334106, 0.15157288312911987, 0.2716480493545532, 0.20300239324569702, 0.22555071115493774, 0.20256784558296204, 0.2639427185058594, 0.11122417449951172, 0.2696920335292816, 0.25509536266326904, 0.306114137172699, 0.22296357154846191, 0.1503663957118988, 0.2725830376148224, 0.3080912232398987, 0.10937342047691345, 0.20207107067108154, 0.18023893237113953, 0.1785871386528015, 0.36209484934806824, 0.26268482208251953, 0.17955398559570312, 0.23623967170715332, 0.20723256468772888, 0.2045263648033142, 0.15138408541679382, 0.3874354958534241, 0.22181549668312073, 0.17601531744003296, 0.290178120136261, 0.15129387378692627, 0.3118043839931488, 0.30397331714630127, 0.2660890817642212, 0.20542246103286743, 0.49812039732933044, 0.36910301446914673, 0.2802448868751526, 0.14917907118797302, 0.2023126184940338, 0.17714577913284302, 0.20506152510643005, 0.2506338953971863, 0.2278987467288971, 0.20117715001106262, 0.4234188199043274, 0.1818576455116272, 0.10924547910690308, 0.3078245520591736, 0.3087289035320282, 0.151207834482193]}}