{"elbo": -1163.744873046875, "estimated_elbo_std": 0.0344192273914814, "learning_rate": 0.005, "initial_step_size": [0.006759824696928263, 0.0169355645775795, 0.005037544295191765, [0.027912132441997528, 0.008550013415515423, 0.031231136992573738, 0.022046133875846863, 0.028012804687023163, 0.03118153288960457, 0.016129611060023308, 0.02787879854440689, 0.018823981285095215, 0.023560436442494392, 0.02558419480919838, 0.027895566076040268, 0.0237758569419384, 0.016177458688616753, 0.02799127995967865, 0.03623179346323013, 0.02784803882241249, 0.017297184094786644, 0.007848414592444897, 0.031012888997793198, 0.019695838913321495, 0.023679252713918686, 0.03603193908929825, 0.019756482914090157, 0.01607571355998516, 0.006097889970988035, 0.023728881031274796, 0.025567933917045593, 0.03129022195935249, 0.018051141873002052, 0.025374894961714745, 0.027935940772294998, 0.02786075323820114, 0.03120274841785431, 0.02211744524538517, 0.03610619157552719, 0.019717570394277573, 0.028038524091243744, 0.025427022948861122, 0.027985677123069763, 0.020888235419988632, 0.04418091103434563, 0.019865509122610092, 0.022249476984143257, 0.016712479293346405, 0.025492990389466286, 0.0361781008541584, 0.019812682643532753, 0.016576282680034637, 0.04413250833749771, 0.028219258412718773, 0.031165512278676033, 0.03134921193122864, 0.012870840728282928, 0.02087455242872238, 0.031401973217725754, 0.023699220269918442, 0.028083939105272293, 0.028000731021165848, 0.03608594834804535, 0.010832183063030243, 0.025433611124753952, 0.031220436096191406, 0.01808120869100094, 0.0360851064324379, 0.016164487227797508, 0.0167072843760252, 0.02082889899611473, 0.027938704937696457, 0.005740758962929249, 0.01229533925652504, 0.018841730430722237, 0.03592313826084137, 0.027904348447918892, 0.03124868869781494, 0.027757294476032257, 0.022145722061395645, 0.02542535774409771, 0.027927856892347336, 0.009192000143229961, 0.03123714029788971, 0.04418710619211197, 0.016767438501119614, 0.016608351841568947, 0.036050789058208466]], "learned_reparam": null}