{"elbo": -1163.751708984375, "estimated_elbo_std": 0.03773654252290726, "learning_rate": 0.005, "initial_step_size": [0.006756989751011133, 0.01699661836028099, 0.005008083768188953, [0.027800530195236206, 0.00861449260264635, 0.031278468668460846, 0.022101402282714844, 0.02808557078242302, 0.03121332824230194, 0.016094110906124115, 0.02799513190984726, 0.018801264464855194, 0.023604372516274452, 0.025693189352750778, 0.02792971208691597, 0.023705288767814636, 0.016192836686968803, 0.028146449476480484, 0.03615985065698624, 0.02791626751422882, 0.017389211803674698, 0.0078280009329319, 0.031167788431048393, 0.01979307271540165, 0.023516187444329262, 0.03608477860689163, 0.019690455868840218, 0.015983309596776962, 0.006108917761594057, 0.023599183186888695, 0.02541865035891533, 0.0313548780977726, 0.01804639771580696, 0.025448448956012726, 0.028007803484797478, 0.02796957641839981, 0.03150947764515877, 0.0220781397074461, 0.03584101051092148, 0.019678723067045212, 0.027982115745544434, 0.025505753234028816, 0.02805653214454651, 0.020735932514071465, 0.044242728501558304, 0.019715696573257446, 0.022162526845932007, 0.01678272895514965, 0.025487257167696953, 0.03609893098473549, 0.019726820290088654, 0.016542240977287292, 0.04452891647815704, 0.0277712419629097, 0.03125952184200287, 0.031129609793424606, 0.012717672623693943, 0.02070099674165249, 0.031179148703813553, 0.023628702387213707, 0.027953682467341423, 0.027968086302280426, 0.035843320190906525, 0.01087033748626709, 0.0255748238414526, 0.031294792890548706, 0.017963962629437447, 0.036144156008958817, 0.016070954501628876, 0.01667678914964199, 0.02072109282016754, 0.02782546356320381, 0.005805572960525751, 0.012240443378686905, 0.01878265291452408, 0.036141250282526016, 0.028041232377290726, 0.03130720183253288, 0.027753237634897232, 0.022111115977168083, 0.025394754484295845, 0.027978839352726936, 0.009148295037448406, 0.03109676018357277, 0.04421371594071388, 0.016736768186092377, 0.016756590455770493, 0.03626243770122528]], "learned_reparam": null}