{"elbo": -1163.73876953125, "estimated_elbo_std": 0.04878808557987213, "learning_rate": 0.005, "initial_step_size": [0.006753545720130205, 0.017072031274437904, 0.005016672424972057, [0.027891457080841064, 0.008564743213355541, 0.031039398163557053, 0.02206571400165558, 0.028004838153719902, 0.03127879649400711, 0.016041040420532227, 0.02805345132946968, 0.018876008689403534, 0.023513702675700188, 0.025716014206409454, 0.02812778204679489, 0.02346835657954216, 0.016113009303808212, 0.028031639754772186, 0.036000050604343414, 0.027893811464309692, 0.017292335629463196, 0.007850130088627338, 0.0311568733304739, 0.01977630890905857, 0.0236784890294075, 0.035951051861047745, 0.01968642696738243, 0.016089150682091713, 0.006047279108315706, 0.023355968296527863, 0.025610536336898804, 0.031332794576883316, 0.01795392856001854, 0.025663098320364952, 0.02788138948380947, 0.027832049876451492, 0.03090394288301468, 0.02209632657468319, 0.03605230525135994, 0.019686976447701454, 0.028132814913988113, 0.025454705581068993, 0.02800857461988926, 0.020710155367851257, 0.04413033276796341, 0.01987917535007, 0.022174691781401634, 0.01654731296002865, 0.025421617552638054, 0.035954222083091736, 0.01983540877699852, 0.016654454171657562, 0.04429206624627113, 0.02791609987616539, 0.031175697222352028, 0.03122139535844326, 0.012776991352438927, 0.02073391154408455, 0.031196605414152145, 0.02367921732366085, 0.02799280360341072, 0.028037961572408676, 0.036087095737457275, 0.010841798968613148, 0.025539347901940346, 0.031116703525185585, 0.01808956451714039, 0.036000315099954605, 0.01617281138896942, 0.01669921912252903, 0.020879561081528664, 0.028012152761220932, 0.005778102669864893, 0.012304788455367088, 0.018865084275603294, 0.03599429503083229, 0.028076285496354103, 0.031225591897964478, 0.028127867728471756, 0.022074811160564423, 0.025496527552604675, 0.02793874591588974, 0.0091483723372221, 0.031009377911686897, 0.044186290353536606, 0.016655903309583664, 0.016669828444719315, 0.03610353171825409]], "learned_reparam": null}