{"elbo": -1166.16015625, "estimated_elbo_std": 0.08431775867938995, "learning_rate": 0.005, "initial_step_size": [0.0020713061094284058, 0.00486390246078372, 0.00507295411080122, [0.0279599130153656, 0.008597788400948048, 0.0314282551407814, 0.022073784843087196, 0.02796846255660057, 0.031124994158744812, 0.01611974462866783, 0.028042035177350044, 0.018930815160274506, 0.02366243302822113, 0.02553165704011917, 0.027878226712346077, 0.023665301501750946, 0.01619548164308071, 0.027929868549108505, 0.0361727699637413, 0.02807307243347168, 0.01738947071135044, 0.007851779460906982, 0.031063156202435493, 0.019871093332767487, 0.023463331162929535, 0.03589090704917908, 0.01992732100188732, 0.016143498942255974, 0.0060574570670723915, 0.02357519418001175, 0.025475526228547096, 0.031180642545223236, 0.018054980784654617, 0.025548730045557022, 0.028146620839834213, 0.027742713689804077, 0.03137996420264244, 0.022035112604498863, 0.036253660917282104, 0.01977700926363468, 0.028019096702337265, 0.025570359081029892, 0.027896396815776825, 0.020839175209403038, 0.04425743222236633, 0.01972462423145771, 0.02214783988893032, 0.016708390787243843, 0.02539275400340557, 0.036092039197683334, 0.019656525924801826, 0.016690481454133987, 0.04403496906161308, 0.02805459126830101, 0.031201228499412537, 0.031043006107211113, 0.012676042504608631, 0.020752575248479843, 0.03128457069396973, 0.02373005822300911, 0.02809670753777027, 0.028017789125442505, 0.03607151657342911, 0.010849961079657078, 0.02542099729180336, 0.031273432075977325, 0.018041618168354034, 0.03611858934164047, 0.016117332503199577, 0.01679251901805401, 0.020906174555420876, 0.02814808487892151, 0.005762885324656963, 0.012271050363779068, 0.018957259133458138, 0.036070335656404495, 0.0280354805290699, 0.03130990266799927, 0.027936436235904694, 0.022018209099769592, 0.025501303374767303, 0.028001919388771057, 0.009108082391321659, 0.031274471431970596, 0.04420601204037666, 0.016684480011463165, 0.016706988215446472, 0.03581365942955017]], "learned_reparam": null}