{"elbo": -2700.516845703125, "estimated_elbo_std": 0.07797795534133911, "learning_rate": 0.005, "initial_step_size": [0.006494357716292143, 0.009088784456253052, 0.0009143128409050405, [0.016144124791026115, 0.004770111292600632, 0.011567454785108566, 0.03621040657162666, 0.027973495423793793, 0.019822439178824425, 0.031143076717853546, 0.02218669280409813, 0.02355075627565384, 0.006537307053804398, 0.02080703154206276, 0.022073695436120033, 0.03615591302514076, 0.0255106333643198, 0.013291965238749981, 0.023763855919241905, 0.025436120107769966, 0.015090620145201683, 0.025438321754336357, 0.007091005332767963, 0.0235319584608078, 0.0108558414503932, 0.01659715548157692, 0.027954887598752975, 0.019824771210551262, 0.015112463384866714, 0.01678055338561535, 0.01525323186069727, 0.012708297930657864, 0.020932458341121674, 0.013938579708337784, 0.013017064891755581, 0.018082641065120697, 0.013124591670930386, 0.016783177852630615, 0.022237807512283325, 0.018034277483820915, 0.025545045733451843, 0.015077403746545315, 0.014040112495422363, 0.010555838234722614, 0.01963644288480282, 0.01122716162353754, 0.007625842001289129, 0.019833065569400787, 0.005563248880207539, 0.011684893630445004, 0.011752190068364143, 0.005803176201879978, 0.031158367171883583, 0.025664979591965675, 0.01168869435787201, 0.011229800991714, 0.013394546695053577, 0.022225141525268555, 0.017352115362882614, 0.013676398433744907, 0.027973271906375885, 0.018115229904651642, 0.025488292798399925, 0.022043468430638313, 0.03127644583582878, 0.020885173231363297, 0.0067927953787148, 0.023633262142539024, 0.025495020672678947, 0.02367880381643772, 0.019891729578375816, 0.023551901802420616, 0.04414818808436394, 0.013360898941755295, 0.022281169891357422, 0.01782127097249031, 0.0058602397330105305, 0.020757192745804787, 0.016668623313307762, 0.017313700169324875, 0.036043599247932434, 0.009921384043991566, 0.025601791217923164, 0.01081015169620514, 0.02079896628856659, 0.010622638277709484, 0.015639662742614746, 0.027898751199245453, 0.013249541632831097, 0.018891820684075356, 0.014369050040841103, 0.022194303572177887, 0.015116446651518345, 0.012783459387719631]], "learned_reparam": null}