{"elbo": -2700.509765625, "estimated_elbo_std": 0.0788918063044548, "learning_rate": 0.02, "initial_step_size": [0.0066867247223854065, 0.009542126208543777, 0.0009073538822121918, [0.01633269339799881, 0.00467761792242527, 0.011869427748024464, 0.035994481295347214, 0.028830716386437416, 0.019340064376592636, 0.032295290380716324, 0.02168320305645466, 0.023425698280334473, 0.006482425145804882, 0.020316937938332558, 0.02221532352268696, 0.03598737344145775, 0.025328289717435837, 0.013216803781688213, 0.02399226650595665, 0.024800844490528107, 0.015087118372321129, 0.0253662820905447, 0.007328573614358902, 0.02353517897427082, 0.011402211152017117, 0.016821984201669693, 0.027742356061935425, 0.020165996626019478, 0.014788936823606491, 0.016674896702170372, 0.014659041538834572, 0.013008685782551765, 0.0205991193652153, 0.013931154273450375, 0.013722931034862995, 0.017429769039154053, 0.012934732250869274, 0.01702990010380745, 0.022340774536132812, 0.01833803579211235, 0.025408631190657616, 0.0156684760004282, 0.013953453861176968, 0.010621795430779457, 0.020463155582547188, 0.010952110402286053, 0.007961251772940159, 0.019840413704514503, 0.005730350501835346, 0.011370232328772545, 0.011933312751352787, 0.005620391573756933, 0.031015519052743912, 0.02448863349854946, 0.011760292574763298, 0.01130896620452404, 0.01292741484940052, 0.02229817397892475, 0.01703159138560295, 0.013579263351857662, 0.02781648561358452, 0.017628172412514687, 0.025491898879408836, 0.022083479911088943, 0.031229518353939056, 0.021288862451910973, 0.006873205304145813, 0.02351473830640316, 0.025313451886177063, 0.024220118299126625, 0.020224273204803467, 0.024606864899396896, 0.043228812515735626, 0.013480082154273987, 0.02215546928346157, 0.017946891486644745, 0.005723166279494762, 0.0208768118172884, 0.01701456494629383, 0.017537636682391167, 0.036149341613054276, 0.009864242747426033, 0.024879055097699165, 0.01126588974148035, 0.021242870017886162, 0.01086434442549944, 0.015883319079875946, 0.027165891602635384, 0.012944466434419155, 0.019334182143211365, 0.014532983303070068, 0.02219885028898716, 0.015418976545333862, 0.0128339733928442]], "learned_reparam": {"mua_a": 0.6893693804740906, "mua_b": 0.47490227222442627, "b1_a": 0.6400856375694275, "b1_b": 0.41310763359069824, "b2_a": 0.3998764157295227, "b2_b": 0.7304253578186035, "m_a": [0.9286479949951172, 0.975601077079773, 0.9498815536499023, 0.6460829973220825, 0.8022959232330322, 0.8896817564964294, 0.7536720633506775, 0.8648350834846497, 0.8447247743606567, 0.9748580455780029, 0.8876874446868896, 0.8682475090026855, 0.6447566151618958, 0.8366081714630127, 0.9430467486381531, 0.8564047813415527, 0.8180797100067139, 0.9366636276245117, 0.8245350122451782, 0.9601808786392212, 0.8480072021484375, 0.9588382840156555, 0.917011022567749, 0.7965521812438965, 0.8854491710662842, 0.9403649568557739, 0.9232972264289856, 0.9279543161392212, 0.9497847557067871, 0.883744478225708, 0.9432241916656494, 0.9509467482566833, 0.9066157341003418, 0.9478868842124939, 0.9193592071533203, 0.8716112375259399, 0.9119744300842285, 0.8343837261199951, 0.9347505569458008, 0.9400533437728882, 0.9610083103179932, 0.8934249877929688, 0.957249104976654, 0.9698561429977417, 0.8877753615379333, 0.9685261249542236, 0.9590796232223511, 0.9566212892532349, 0.9734764099121094, 0.7330631613731384, 0.829230010509491, 0.9458549618721008, 0.9603351354598999, 0.9405989050865173, 0.8669110536575317, 0.9284762144088745, 0.9466254711151123, 0.7896915078163147, 0.9166894555091858, 0.8297505974769592, 0.8596386313438416, 0.7442023158073425, 0.884832501411438, 0.9776871800422668, 0.847226619720459, 0.8168458342552185, 0.8519748449325562, 0.9053524732589722, 0.8566893935203552, 0.4983481168746948, 0.9317317008972168, 0.8641459345817566, 0.9135838747024536, 0.972944974899292, 0.8788800835609436, 0.9263976216316223, 0.9089174270629883, 0.6097257733345032, 0.9535881280899048, 0.8323989510536194, 0.9603906869888306, 0.8788431882858276, 0.9592775702476501, 0.9339213371276855, 0.7807636857032776, 0.9410282373428345, 0.895850658416748, 0.9238121509552002, 0.8745996356010437, 0.934315025806427, 0.9530194997787476], "m_b": [0.31103432178497314, 0.5375027656555176, 0.37377798557281494, 0.1473829746246338, 0.19402271509170532, 0.2774735689163208, 0.1696740686893463, 0.2533261775970459, 0.237569659948349, 0.4835171103477478, 0.2666813135147095, 0.24858617782592773, 0.1474224030971527, 0.22047105431556702, 0.35269850492477417, 0.2327982485294342, 0.22610235214233398, 0.3266989588737488, 0.22059696912765503, 0.46191537380218506, 0.23637926578521729, 0.3817394971847534, 0.305389404296875, 0.2018464207649231, 0.26845982670783997, 0.33045244216918945, 0.3065774142742157, 0.33213770389556885, 0.3561444878578186, 0.26449596881866455, 0.34235674142837524, 0.34595513343811035, 0.2977875769138336, 0.3568389415740967, 0.30264031887054443, 0.24699154496192932, 0.2875465750694275, 0.2200928032398224, 0.31945136189460754, 0.34244823455810547, 0.39470651745796204, 0.2649414539337158, 0.3886488378047943, 0.44781094789505005, 0.2719954252243042, 0.5052906274795532, 0.38157564401626587, 0.3726554214954376, 0.5067112445831299, 0.17859384417533875, 0.22781872749328613, 0.3754880428314209, 0.38290536403656006, 0.3567999005317688, 0.24759620428085327, 0.3025074005126953, 0.34768006205558777, 0.20202681422233582, 0.295612633228302, 0.2193356156349182, 0.24963146448135376, 0.1769748032093048, 0.2571336328983307, 0.4731234908103943, 0.23664316534996033, 0.22115164995193481, 0.2306770384311676, 0.268052339553833, 0.22712063789367676, 0.11152926087379456, 0.34896278381347656, 0.2489272654056549, 0.29219698905944824, 0.504115879535675, 0.26111215353012085, 0.3033234775066376, 0.29660695791244507, 0.14655664563179016, 0.40833503007888794, 0.22499743103981018, 0.3838692903518677, 0.2577529549598694, 0.3906497061252594, 0.31706956028938293, 0.20658379793167114, 0.356628954410553, 0.27704161405563354, 0.33426520228385925, 0.2484103888273239, 0.3227896988391876, 0.35868310928344727]}}