{"elbo": -2700.5322265625, "estimated_elbo_std": 0.08637888729572296, "learning_rate": 0.02, "initial_step_size": [0.006443159654736519, 0.009345545433461666, 0.000935147050768137, [0.01621926948428154, 0.00477379048243165, 0.01149769127368927, 0.0364527627825737, 0.028324229642748833, 0.019898047670722008, 0.03136672452092171, 0.022059855982661247, 0.023712532594799995, 0.006446795538067818, 0.021016160026192665, 0.021990088745951653, 0.03567066788673401, 0.0257255919277668, 0.0136667899787426, 0.024105388671159744, 0.025713689625263214, 0.01536774542182684, 0.025482207536697388, 0.0072392565198242664, 0.02315743826329708, 0.010931028984487057, 0.01641397550702095, 0.02802005410194397, 0.019684627652168274, 0.015325588174164295, 0.016547318547964096, 0.015047590248286724, 0.012794400565326214, 0.021051952615380287, 0.0140281543135643, 0.012914436869323254, 0.01801527477800846, 0.01293979212641716, 0.016792848706245422, 0.021655231714248657, 0.018053892999887466, 0.02532920613884926, 0.015432257205247879, 0.013834314420819283, 0.010272350162267685, 0.02003650926053524, 0.010989256203174591, 0.007577318698167801, 0.019778627902269363, 0.005516684614121914, 0.01148577593266964, 0.011537975631654263, 0.005802755244076252, 0.03145575150847435, 0.025127865374088287, 0.011640424840152264, 0.011084765195846558, 0.01330964732915163, 0.021832503378391266, 0.017504289746284485, 0.013637727126479149, 0.02859097346663475, 0.01792297326028347, 0.025745000690221786, 0.021928491070866585, 0.03146808594465256, 0.020949922502040863, 0.006604270543903112, 0.02380579151213169, 0.02522912807762623, 0.0236879400908947, 0.01991054229438305, 0.02406575158238411, 0.04393945634365082, 0.013178559951484203, 0.02232060208916664, 0.018328366801142693, 0.005863692611455917, 0.020962219685316086, 0.016765495762228966, 0.01737767457962036, 0.03609790280461311, 0.009795937687158585, 0.02530846931040287, 0.010855741798877716, 0.021001817658543587, 0.01058640144765377, 0.015424003824591637, 0.02794414386153221, 0.013216448947787285, 0.018625695258378983, 0.01459900289773941, 0.02145509608089924, 0.01520908810198307, 0.012906377203762531]], "learned_reparam": {"mua_a": 0.5, "mua_b": 0.5, "b1_a": 0.5, "b1_b": 0.5, "b2_a": 0.5, "b2_b": 0.5, "m_a": [0.9148526191711426, 0.9665889739990234, 0.9086581468582153, 0.6790017485618591, 0.8042399883270264, 0.87617027759552, 0.7396878004074097, 0.8652536273002625, 0.8490785360336304, 0.9585703611373901, 0.8834391832351685, 0.8634849786758423, 0.6889455914497375, 0.8237425088882446, 0.8969845175743103, 0.8548080325126648, 0.8201571702957153, 0.9225303530693054, 0.8363472819328308, 0.914981484413147, 0.8078646659851074, 0.9381088018417358, 0.8728427886962891, 0.7899268269538879, 0.8687165975570679, 0.91801917552948, 0.8898265361785889, 0.9296778440475464, 0.9297521114349365, 0.873818039894104, 0.9108850359916687, 0.9400241374969482, 0.9011614322662354, 0.9345986247062683, 0.9113556146621704, 0.8679071664810181, 0.8982529640197754, 0.8227944374084473, 0.9233702421188354, 0.9270930290222168, 0.9466934204101562, 0.8809071183204651, 0.8895692825317383, 0.9354751110076904, 0.8144713044166565, 0.9611676931381226, 0.9422692060470581, 0.9366925954818726, 0.9432797431945801, 0.7594936490058899, 0.8332123756408691, 0.9097428917884827, 0.9317774176597595, 0.900668740272522, 0.8602746725082397, 0.8939039707183838, 0.905150294303894, 0.7894818782806396, 0.8914937973022461, 0.8229557275772095, 0.8732171058654785, 0.7477055788040161, 0.8809163570404053, 0.9541728496551514, 0.8434725999832153, 0.8247281312942505, 0.8520210981369019, 0.8840488195419312, 0.8462749719619751, 0.5066547989845276, 0.926584005355835, 0.8521760106086731, 0.903947114944458, 0.9487612843513489, 0.8689610958099365, 0.8454158902168274, 0.911467432975769, 0.6797986030578613, 0.9111925363540649, 0.8292073011398315, 0.9454144239425659, 0.8670064806938171, 0.9215397834777832, 0.8929696083068848, 0.783454179763794, 0.9330940246582031, 0.8782212138175964, 0.8685979843139648, 0.872201144695282, 0.9269807934761047, 0.9232906699180603], "m_b": [0.5, 0.5, 0.5, 0.5, 0.5, 0.5, 0.5, 0.5, 0.5, 0.5, 0.5, 0.5, 0.5, 0.5, 0.5, 0.5, 0.5, 0.5, 0.5, 0.5, 0.5, 0.5, 0.5, 0.5, 0.5, 0.5, 0.5, 0.5, 0.5, 0.5, 0.5, 0.5, 0.5, 0.5, 0.5, 0.5, 0.5, 0.5, 0.5, 0.5, 0.5, 0.5, 0.5, 0.5, 0.5, 0.5, 0.5, 0.5, 0.5, 0.5, 0.5, 0.5, 0.5, 0.5, 0.5, 0.5, 0.5, 0.5, 0.5, 0.5, 0.5, 0.5, 0.5, 0.5, 0.5, 0.5, 0.5, 0.5, 0.5, 0.5, 0.5, 0.5, 0.5, 0.5, 0.5, 0.5, 0.5, 0.5, 0.5, 0.5, 0.5, 0.5, 0.5, 0.5, 0.5, 0.5, 0.5, 0.5, 0.5, 0.5, 0.5]}}