{"elbo": -2700.490966796875, "estimated_elbo_std": 0.07375340163707733, "learning_rate": 0.02, "initial_step_size": [0.007042131386697292, 0.00965099222958088, 0.0009279901860281825, [0.016509611159563065, 0.004656950011849403, 0.01183019857853651, 0.035546913743019104, 0.02828669361770153, 0.020128555595874786, 0.031211573630571365, 0.022426556795835495, 0.023698823526501656, 0.006414233706891537, 0.021033313125371933, 0.02194846421480179, 0.03644633665680885, 0.02495303750038147, 0.01339746918529272, 0.02343154139816761, 0.02511191926896572, 0.014611181803047657, 0.025078503414988518, 0.007012908346951008, 0.023286376148462296, 0.010661523789167404, 0.016966933384537697, 0.02783304825425148, 0.019753940403461456, 0.014680414460599422, 0.016686927527189255, 0.015020030550658703, 0.012567155994474888, 0.020598961040377617, 0.014209079556167126, 0.012895467691123486, 0.01821971870958805, 0.013354407623410225, 0.01716412417590618, 0.022420769557356834, 0.017955590039491653, 0.025117700919508934, 0.014928458258509636, 0.014247043989598751, 0.010743150487542152, 0.01950550638139248, 0.011194662190973759, 0.007643896155059338, 0.020065974444150925, 0.005563875660300255, 0.011742416769266129, 0.011809378862380981, 0.0058885011821985245, 0.0313570611178875, 0.02537987381219864, 0.01189871784299612, 0.011331588961184025, 0.013352806679904461, 0.02222038060426712, 0.01757058873772621, 0.013665562495589256, 0.028226401656866074, 0.018269212916493416, 0.025957399979233742, 0.02214551344513893, 0.031156953424215317, 0.020771319046616554, 0.006626836955547333, 0.02363952063024044, 0.025782939046621323, 0.0234063807874918, 0.019910011440515518, 0.023836418986320496, 0.04401697963476181, 0.012909213081002235, 0.022393755614757538, 0.01824398897588253, 0.005719005595892668, 0.020982306450605392, 0.016807233914732933, 0.017579108476638794, 0.03656632825732231, 0.009880413301289082, 0.025362279266119003, 0.01081453263759613, 0.021074265241622925, 0.01076111663132906, 0.0156001728028059, 0.028066005557775497, 0.013216611929237843, 0.018780937418341637, 0.014375916682183743, 0.022427348420023918, 0.015342587605118752, 0.012501482851803303]], "learned_reparam": {"mua_a": 0.5, "mua_b": 0.5, "b1_a": 0.5, "b1_b": 0.5, "b2_a": 0.5, "b2_b": 0.5, "m_a": [0.9173105955123901, 0.9664723873138428, 0.9098881483078003, 0.6715659499168396, 0.8081977367401123, 0.8811885714530945, 0.744775116443634, 0.86861252784729, 0.8499230742454529, 0.9584746360778809, 0.8782104849815369, 0.8648319244384766, 0.6625587940216064, 0.8248535990715027, 0.8977007269859314, 0.8449156284332275, 0.8335852026939392, 0.9214783906936646, 0.8233532309532166, 0.913287341594696, 0.8102507591247559, 0.939396858215332, 0.8720804452896118, 0.8016438484191895, 0.8748679161071777, 0.9168350696563721, 0.8898512721061707, 0.9257540702819824, 0.9293999075889587, 0.8813178539276123, 0.9063745737075806, 0.9375221133232117, 0.8977025747299194, 0.9296931028366089, 0.9060417413711548, 0.871834397315979, 0.8967156410217285, 0.8303083181381226, 0.91988205909729, 0.9278759360313416, 0.9465515613555908, 0.8829004764556885, 0.8865597248077393, 0.9345608353614807, 0.8165243864059448, 0.9623802900314331, 0.9448763132095337, 0.9374809861183167, 0.9440540075302124, 0.7316184043884277, 0.8203418254852295, 0.9114053249359131, 0.9308880567550659, 0.9049955606460571, 0.857021152973175, 0.8998432159423828, 0.9069904088973999, 0.7829101085662842, 0.8882684707641602, 0.8235384225845337, 0.860501766204834, 0.7678082585334778, 0.8772145509719849, 0.9533950686454773, 0.8430612087249756, 0.8252741098403931, 0.8524229526519775, 0.8865596652030945, 0.8500955104827881, 0.5039451122283936, 0.9262776374816895, 0.8518980741500854, 0.9081841707229614, 0.9474434852600098, 0.8730040192604065, 0.8407729864120483, 0.9116963148117065, 0.6652785539627075, 0.9125454425811768, 0.8323431015014648, 0.9465318322181702, 0.8645937442779541, 0.923459529876709, 0.8909659385681152, 0.7965630292892456, 0.9385451674461365, 0.8822131156921387, 0.8645999431610107, 0.870483934879303, 0.9264153838157654, 0.9214639663696289], "m_b": [0.5, 0.5, 0.5, 0.5, 0.5, 0.5, 0.5, 0.5, 0.5, 0.5, 0.5, 0.5, 0.5, 0.5, 0.5, 0.5, 0.5, 0.5, 0.5, 0.5, 0.5, 0.5, 0.5, 0.5, 0.5, 0.5, 0.5, 0.5, 0.5, 0.5, 0.5, 0.5, 0.5, 0.5, 0.5, 0.5, 0.5, 0.5, 0.5, 0.5, 0.5, 0.5, 0.5, 0.5, 0.5, 0.5, 0.5, 0.5, 0.5, 0.5, 0.5, 0.5, 0.5, 0.5, 0.5, 0.5, 0.5, 0.5, 0.5, 0.5, 0.5, 0.5, 0.5, 0.5, 0.5, 0.5, 0.5, 0.5, 0.5, 0.5, 0.5, 0.5, 0.5, 0.5, 0.5, 0.5, 0.5, 0.5, 0.5, 0.5, 0.5, 0.5, 0.5, 0.5, 0.5, 0.5, 0.5, 0.5, 0.5, 0.5, 0.5]}}