{"elbo": -2700.50390625, "estimated_elbo_std": 0.05603522062301636, "learning_rate": 0.005, "initial_step_size": [0.006546627730131149, 0.009202321991324425, 0.0009149810066446662, [0.016179833561182022, 0.004818034823983908, 0.011588986031711102, 0.03629305586218834, 0.027879886329174042, 0.019804319366812706, 0.031186627224087715, 0.022308606654405594, 0.023700382560491562, 0.006460194475948811, 0.020761575549840927, 0.022234801203012466, 0.03597681596875191, 0.025406068190932274, 0.013324704952538013, 0.023492688313126564, 0.025555016472935677, 0.015085400082170963, 0.025445200502872467, 0.007151311729103327, 0.023631587624549866, 0.010885237716138363, 0.016756435856223106, 0.027873963117599487, 0.019820891320705414, 0.015031847171485424, 0.01671772077679634, 0.015206576324999332, 0.012754104100167751, 0.02085634134709835, 0.013938019052147865, 0.013145454227924347, 0.017990831285715103, 0.013081244193017483, 0.016702869907021523, 0.02208608202636242, 0.01802527718245983, 0.025429077446460724, 0.015175252221524715, 0.013984565623104572, 0.01056379172950983, 0.01978912204504013, 0.011251760646700859, 0.007638773415237665, 0.019789643585681915, 0.0055661252699792385, 0.011634258553385735, 0.01187217328697443, 0.005820922553539276, 0.031160593032836914, 0.02553040347993374, 0.011646559461951256, 0.01113117765635252, 0.01331607811152935, 0.022052835673093796, 0.017251044511795044, 0.01374633889645338, 0.027951672673225403, 0.0180553887039423, 0.025594471022486687, 0.022076763212680817, 0.03135126084089279, 0.020721573382616043, 0.006777448579668999, 0.02358151413500309, 0.025518622249364853, 0.023629382252693176, 0.019817756488919258, 0.023596353828907013, 0.044252704828977585, 0.01323650311678648, 0.0219867043197155, 0.0180119127035141, 0.005847383290529251, 0.02083568461239338, 0.016725530847907066, 0.017353007569909096, 0.03598036989569664, 0.009865283966064453, 0.025559065863490105, 0.010886834003031254, 0.02080540917813778, 0.010523113422095776, 0.015571502037346363, 0.028031740337610245, 0.013267939910292625, 0.018938496708869934, 0.014359221793711185, 0.022297166287899017, 0.015271535143256187, 0.012741684913635254]], "learned_reparam": null}