{"elbo": -2700.515625, "estimated_elbo_std": 0.06255614757537842, "learning_rate": 0.005, "initial_step_size": [0.006556530017405748, 0.009140107780694962, 0.0009220071951858699, [0.016259748488664627, 0.004781859461218119, 0.011593274772167206, 0.03624623268842697, 0.027985982596874237, 0.01976289041340351, 0.031157825142145157, 0.022189659997820854, 0.02368868514895439, 0.006487044505774975, 0.020759645849466324, 0.022005673497915268, 0.03617846593260765, 0.02540290169417858, 0.013393735513091087, 0.023501452058553696, 0.025513693690299988, 0.015291622839868069, 0.025665849447250366, 0.00718056270852685, 0.023687532171607018, 0.010797904804348946, 0.016694325953722, 0.028055477887392044, 0.019796591252088547, 0.015129572711884975, 0.016625937074422836, 0.015136227943003178, 0.012676602229475975, 0.020776379853487015, 0.014102215878665447, 0.01302890945225954, 0.01794714853167534, 0.01302667148411274, 0.016833385452628136, 0.022081440314650536, 0.018016543239355087, 0.025735128670930862, 0.015166782774031162, 0.013967449776828289, 0.010564672760665417, 0.019847646355628967, 0.011287395842373371, 0.007657304406166077, 0.01971597410738468, 0.0056319646537303925, 0.011568593792617321, 0.0118507519364357, 0.005738488864153624, 0.031203417107462883, 0.025359248742461205, 0.011636101640760899, 0.011288111098110676, 0.013303800486028194, 0.022005479782819748, 0.017294013872742653, 0.013660994358360767, 0.027883730828762054, 0.01807844080030918, 0.02561410702764988, 0.022084224969148636, 0.03124881535768509, 0.020714744925498962, 0.006806013640016317, 0.02360229380428791, 0.025560272857546806, 0.02352263778448105, 0.019935179501771927, 0.023677559569478035, 0.04424133524298668, 0.013266121037304401, 0.022180894389748573, 0.01805325224995613, 0.00584718631580472, 0.020863961428403854, 0.016720348969101906, 0.017291521653532982, 0.03611138463020325, 0.009854963049292564, 0.025466464459896088, 0.010872597806155682, 0.020918022841215134, 0.010543270967900753, 0.015595969744026661, 0.028054554015398026, 0.013272959738969803, 0.018902013078331947, 0.014211210422217846, 0.02219597063958645, 0.01524429488927126, 0.012774817645549774]], "learned_reparam": null}