{"elbo": -2700.483154296875, "estimated_elbo_std": 0.07723889499902725, "learning_rate": 0.005, "initial_step_size": [0.006462989374995232, 0.009238445200026035, 0.0009173965663649142, [0.016092440113425255, 0.004779823124408722, 0.011653676629066467, 0.036176878958940506, 0.02775627002120018, 0.019892487674951553, 0.03135419264435768, 0.02193758822977543, 0.023578673601150513, 0.006481107324361801, 0.020863572135567665, 0.022044679149985313, 0.03624134510755539, 0.025457769632339478, 0.013381575234234333, 0.02356768772006035, 0.025361880660057068, 0.015148203819990158, 0.025365078821778297, 0.007149736862629652, 0.023460326716303825, 0.010964441113173962, 0.01673158071935177, 0.027889959514141083, 0.019846437498927116, 0.015144338831305504, 0.016654014587402344, 0.015120325610041618, 0.012764036655426025, 0.02069820463657379, 0.01403301116079092, 0.013016242533922195, 0.01807841844856739, 0.013066315092146397, 0.016741663217544556, 0.02219443954527378, 0.018040994182229042, 0.025552332401275635, 0.015127561055123806, 0.013994417153298855, 0.010545045137405396, 0.019730711355805397, 0.011187449097633362, 0.0076171099208295345, 0.019938915967941284, 0.005588442552834749, 0.011682873591780663, 0.011776798404753208, 0.005859697237610817, 0.031484492123126984, 0.025604547932744026, 0.011685524135828018, 0.011170602403581142, 0.013175344094634056, 0.02221384271979332, 0.01736239343881607, 0.013626309111714363, 0.027911700308322906, 0.018055276945233345, 0.0254976823925972, 0.022010141983628273, 0.031314313411712646, 0.020754365250468254, 0.00675476249307394, 0.02358018048107624, 0.02551286667585373, 0.023571761325001717, 0.01984044909477234, 0.023562690243124962, 0.044457294046878815, 0.013286460191011429, 0.021975215524435043, 0.018001681193709373, 0.005792609881609678, 0.02075689472258091, 0.016730325296521187, 0.017325326800346375, 0.03616771101951599, 0.009850387461483479, 0.02549029514193535, 0.010871652513742447, 0.020804259926080704, 0.01057947613298893, 0.015694372355937958, 0.027914006263017654, 0.013343436643481255, 0.018788687884807587, 0.014378675259649754, 0.02216298133134842, 0.015254633501172066, 0.012664666399359703]], "learned_reparam": null}