{"elbo": -2703.568115234375, "estimated_elbo_std": 0.09093659371137619, "learning_rate": 0.01, "initial_step_size": [0.0014531024498865008, 0.0020700159948319197, 0.0008991783834062517, [0.016169244423508644, 0.0048332978039979935, 0.011610732413828373, 0.03574714437127113, 0.027893221005797386, 0.019709527492523193, 0.030996400862932205, 0.02193673700094223, 0.023582622408866882, 0.006554081570357084, 0.02074885368347168, 0.022044401615858078, 0.03609144687652588, 0.02549462579190731, 0.013112596236169338, 0.0235966295003891, 0.02549288608133793, 0.015253839083015919, 0.025417141616344452, 0.007156780455261469, 0.023621980100870132, 0.010826682671904564, 0.01671750284731388, 0.028166837990283966, 0.02007375657558441, 0.015035396441817284, 0.016608066856861115, 0.01512298732995987, 0.012791328132152557, 0.020914237946271896, 0.013967092148959637, 0.013054024428129196, 0.018143698573112488, 0.013214567676186562, 0.016779156401753426, 0.0219698678702116, 0.018079137429594994, 0.025799868628382683, 0.015273191966116428, 0.014192778617143631, 0.010560186579823494, 0.019844798371195793, 0.011267900466918945, 0.007530428469181061, 0.019732411950826645, 0.00563020771369338, 0.011681859381496906, 0.011760937049984932, 0.005824981722980738, 0.031223583966493607, 0.025625674054026604, 0.011488454416394234, 0.011313090100884438, 0.013136723078787327, 0.022430606186389923, 0.017167480662465096, 0.013561302796006203, 0.027901340276002884, 0.018020769581198692, 0.02574908547103405, 0.02219783514738083, 0.031310081481933594, 0.0210029948502779, 0.006754836067557335, 0.02354578860104084, 0.02543286606669426, 0.023432375863194466, 0.01989101804792881, 0.023551717400550842, 0.04449927434325218, 0.013434679247438908, 0.0219348706305027, 0.017941255122423172, 0.005756871774792671, 0.020747452974319458, 0.01686025969684124, 0.017229072749614716, 0.035877540707588196, 0.00983662623912096, 0.025430867448449135, 0.010857576504349709, 0.02090860716998577, 0.010595451109111309, 0.015684165060520172, 0.027930039912462234, 0.013240271247923374, 0.019031422212719917, 0.014406265690922737, 0.0220047514885664, 0.015207131393253803, 0.012691169045865536]], "learned_reparam": null}