{"elbo": -1981.903564453125, "estimated_elbo_std": 0.0506412647664547, "learning_rate": 0.01, "initial_step_size": [0.008747098036110401, 0.018535571172833443, 0.00404531741514802, [0.012827455997467041, 0.009878065437078476, 0.02068084478378296, 0.01993449032306671, 0.010538266971707344, 0.011035370640456676, 0.027824098244309425, 0.0062201302498579025, 0.004754915833473206, 0.016097623854875565, 0.018185636028647423, 0.028142597526311874, 0.011445793323218822, 0.02790791541337967, 0.015598244965076447, 0.02190687507390976, 0.02216125652194023, 0.004777262452989817, 0.012949779629707336, 0.01878928393125534, 0.011156811378896236, 0.020863480865955353, 0.025672584772109985, 0.016690442338585854, 0.011209690943360329, 0.019533181563019753, 0.0236002616584301, 0.014803583733737469, 0.009153006598353386, 0.006167019717395306, 0.013487366028130054, 0.011854566633701324, 0.014157170429825783, 0.008047616109251976, 0.014517029747366905, 0.014156920835375786, 0.02213362418115139, 0.020032761618494987, 0.008939889259636402, 0.013718899339437485, 0.018527280539274216, 0.025371890515089035, 0.03611212968826294, 0.021866250783205032, 0.005683055613189936, 0.02219044417142868, 0.009771625511348248, 0.01888429746031761, 0.01203332468867302, 0.008806753903627396, 0.007597900461405516, 0.01808062754571438, 0.012698138132691383]], "learned_reparam": null}