{"elbo": -1981.9326171875, "estimated_elbo_std": 0.06834334880113602, "learning_rate": 0.05, "initial_step_size": [0.009091168642044067, 0.019053764641284943, 0.00420350581407547, [0.01292830053716898, 0.009819354861974716, 0.021081242710351944, 0.02079482190310955, 0.010987755842506886, 0.01087033748626709, 0.02831350266933441, 0.006369052920490503, 0.004570763558149338, 0.01594213768839836, 0.0168516356498003, 0.028011959046125412, 0.01147336233407259, 0.027708571404218674, 0.015982357785105705, 0.021841833367943764, 0.021768566220998764, 0.00476615596562624, 0.013234158046543598, 0.018995685502886772, 0.011604538187384605, 0.021420862525701523, 0.02478339523077011, 0.01692965440452099, 0.010983644053339958, 0.019568083807826042, 0.0237785205245018, 0.014572400599718094, 0.008651520125567913, 0.0062024835497140884, 0.013639255426824093, 0.012111867778003216, 0.013737566769123077, 0.007984817959368229, 0.014914133585989475, 0.014043373987078667, 0.021825352683663368, 0.019208770245313644, 0.00870482437312603, 0.013248692266643047, 0.019030120223760605, 0.02593972161412239, 0.03609560430049896, 0.022005436941981316, 0.00585028063505888, 0.022237837314605713, 0.009754628874361515, 0.0182474497705698, 0.012282498180866241, 0.008650572970509529, 0.0074163577519357204, 0.018579654395580292, 0.0126713952049613]], "learned_reparam": {"mua_a": 0.5, "mua_b": 0.5, "b1_a": 0.5, "b1_b": 0.5, "b2_a": 0.5, "b2_b": 0.5, "m_a": [0.9419223070144653, 0.9449397325515747, 0.8831734657287598, 0.8999854326248169, 0.9422198534011841, 0.9528284072875977, 0.8100892305374146, 0.9576181173324585, 0.9602620601654053, 0.9221289157867432, 0.9046117067337036, 0.8108609914779663, 0.9470704793930054, 0.8194922208786011, 0.9273098707199097, 0.873859167098999, 0.8797470927238464, 0.9476098418235779, 0.942679762840271, 0.8963974714279175, 0.9485187530517578, 0.8892865180969238, 0.8372485041618347, 0.9134060740470886, 0.9399503469467163, 0.8863173127174377, 0.8569156527519226, 0.9285805821418762, 0.9508683681488037, 0.9605296850204468, 0.9332456588745117, 0.9351496696472168, 0.9342838525772095, 0.9435096979141235, 0.9229918718338013, 0.9207742214202881, 0.8672382831573486, 0.8977216482162476, 0.9469587802886963, 0.9300135374069214, 0.9005588293075562, 0.8330062627792358, 0.6724549531936646, 0.8732748031616211, 0.9626429677009583, 0.8827769756317139, 0.9452464580535889, 0.9004422426223755, 0.944276750087738, 0.9367350339889526, 0.9552754163742065, 0.9058700799942017, 0.9395396113395691], "m_b": [0.5, 0.5, 0.5, 0.5, 0.5, 0.5, 0.5, 0.5, 0.5, 0.5, 0.5, 0.5, 0.5, 0.5, 0.5, 0.5, 0.5, 0.5, 0.5, 0.5, 0.5, 0.5, 0.5, 0.5, 0.5, 0.5, 0.5, 0.5, 0.5, 0.5, 0.5, 0.5, 0.5, 0.5, 0.5, 0.5, 0.5, 0.5, 0.5, 0.5, 0.5, 0.5, 0.5, 0.5, 0.5, 0.5, 0.5, 0.5, 0.5, 0.5, 0.5, 0.5, 0.5]}}