{"elbo": -1981.9716796875, "estimated_elbo_std": 0.06998410075902939, "learning_rate": 0.05, "initial_step_size": [0.0087327491492033, 0.01899149641394615, 0.00402684323489666, [0.012609101831912994, 0.010356834158301353, 0.020750494673848152, 0.020459400489926338, 0.010788639076054096, 0.010919274762272835, 0.027180491015315056, 0.00635735085234046, 0.004969747271388769, 0.01557997427880764, 0.018282944336533546, 0.02768695540726185, 0.011900879442691803, 0.027835268527269363, 0.015673484653234482, 0.020863331854343414, 0.0221794992685318, 0.004908448085188866, 0.013206835836172104, 0.018917247653007507, 0.011155246756970882, 0.02057524397969246, 0.02579510025680065, 0.016180437058210373, 0.010908331722021103, 0.01925753802061081, 0.022867826744914055, 0.014667070470750332, 0.009104127995669842, 0.006359807215631008, 0.013265837915241718, 0.01239559706300497, 0.013812391087412834, 0.007891087792813778, 0.01488044299185276, 0.014531492255628109, 0.021514173597097397, 0.019818315282464027, 0.009423615410923958, 0.01391031127423048, 0.01843876764178276, 0.025582483038306236, 0.03688018396496773, 0.021855410188436508, 0.0056530809961259365, 0.022972099483013153, 0.009423846378922462, 0.019800836220383644, 0.011872394941747189, 0.009025445207953453, 0.007726476527750492, 0.017415909096598625, 0.012729652225971222]], "learned_reparam": {"mua_a": 0.5, "mua_b": 0.5, "b1_a": 0.5, "b1_b": 0.5, "b2_a": 0.5, "b2_b": 0.5, "m_a": [0.943740725517273, 0.9432252645492554, 0.8844380378723145, 0.9019442796707153, 0.9439634084701538, 0.9504163265228271, 0.8078085780143738, 0.9574453234672546, 0.9603468179702759, 0.9237939715385437, 0.8987767100334167, 0.8028531074523926, 0.9453343749046326, 0.8096563816070557, 0.9297292232513428, 0.8764966130256653, 0.8785820007324219, 0.9471868872642517, 0.9419434070587158, 0.8985724449157715, 0.9502650499343872, 0.8788219094276428, 0.8226912617683411, 0.9118335247039795, 0.9361803531646729, 0.8837392330169678, 0.8663842678070068, 0.9281376600265503, 0.9517642259597778, 0.9605802893638611, 0.9314549565315247, 0.9380803108215332, 0.9308361411094666, 0.9444531202316284, 0.9269908666610718, 0.9188527464866638, 0.871656060218811, 0.8948749899864197, 0.9471323490142822, 0.9300697445869446, 0.8893799781799316, 0.8293634653091431, 0.6652190685272217, 0.8785727024078369, 0.9626529216766357, 0.8715383410453796, 0.9458207488059998, 0.8968368172645569, 0.943617582321167, 0.9384872913360596, 0.9546993970870972, 0.9078084230422974, 0.9396107792854309], "m_b": [0.5, 0.5, 0.5, 0.5, 0.5, 0.5, 0.5, 0.5, 0.5, 0.5, 0.5, 0.5, 0.5, 0.5, 0.5, 0.5, 0.5, 0.5, 0.5, 0.5, 0.5, 0.5, 0.5, 0.5, 0.5, 0.5, 0.5, 0.5, 0.5, 0.5, 0.5, 0.5, 0.5, 0.5, 0.5, 0.5, 0.5, 0.5, 0.5, 0.5, 0.5, 0.5, 0.5, 0.5, 0.5, 0.5, 0.5, 0.5, 0.5, 0.5, 0.5, 0.5, 0.5]}}