{"elbo": -1981.96533203125, "estimated_elbo_std": 0.0684565082192421, "learning_rate": 0.05, "initial_step_size": [0.008687912486493587, 0.019100956618785858, 0.0039774104952812195, [0.012568041682243347, 0.010328209958970547, 0.02034158632159233, 0.018721073865890503, 0.010639418847858906, 0.01031386386603117, 0.02794623002409935, 0.0060349381528794765, 0.004693705588579178, 0.016204439103603363, 0.0188723374158144, 0.027339745312929153, 0.011870608665049076, 0.026862699538469315, 0.016027934849262238, 0.02123439870774746, 0.022988280281424522, 0.0048840041272342205, 0.012678511440753937, 0.019189171493053436, 0.011516998521983624, 0.020900389179587364, 0.026268795132637024, 0.016483183950185776, 0.011068693362176418, 0.020011598244309425, 0.023803064599633217, 0.014917649328708649, 0.008819186128675938, 0.006317376624792814, 0.013451642356812954, 0.012007580138742924, 0.014202473685145378, 0.008113390766084194, 0.014283595606684685, 0.014514618553221226, 0.02081034518778324, 0.019171232357621193, 0.009367338381707668, 0.013809626922011375, 0.018866732716560364, 0.025520239025354385, 0.03689385950565338, 0.02109488472342491, 0.005875108297914267, 0.022290775552392006, 0.009869405068457127, 0.01805788278579712, 0.011937396600842476, 0.0089194281026721, 0.007575175724923611, 0.018308283761143684, 0.012735640630126]], "learned_reparam": {"mua_a": 0.8364078402519226, "mua_b": 0.43282055854797363, "b1_a": 0.6541931629180908, "b1_b": 0.27128398418426514, "b2_a": 0.5666124820709229, "b2_b": 0.5898765325546265, "m_a": [0.9536681771278381, 0.9707529544830322, 0.8650034666061401, 0.8983845114707947, 0.9608697891235352, 0.9673068523406982, 0.8083290457725525, 0.9818845987319946, 0.9842846393585205, 0.9282147288322449, 0.8929605484008789, 0.8057062029838562, 0.96076899766922, 0.7857764959335327, 0.9352230429649353, 0.8732905387878418, 0.8744670152664185, 0.9797137379646301, 0.9560153484344482, 0.8911134004592896, 0.9646047353744507, 0.8499411344528198, 0.8291895389556885, 0.9156450033187866, 0.9564619064331055, 0.87412029504776, 0.8631018400192261, 0.9369674921035767, 0.9754705429077148, 0.9778871536254883, 0.9462172389030457, 0.9623833894729614, 0.9450075626373291, 0.979763388633728, 0.9371639490127563, 0.937366247177124, 0.8578702807426453, 0.8986445665359497, 0.976332426071167, 0.9424594640731812, 0.901707112789154, 0.8080618977546692, 0.633583128452301, 0.8618606925010681, 0.9798973798751831, 0.8500030040740967, 0.972107470035553, 0.919791579246521, 0.9611886143684387, 0.9741888046264648, 0.9808667898178101, 0.9176902770996094, 0.9550961852073669], "m_b": [0.35601818561553955, 0.4045717120170593, 0.24304130673408508, 0.2598237991333008, 0.3958756923675537, 0.39945560693740845, 0.17099368572235107, 0.5181455016136169, 0.5611989498138428, 0.2952679395675659, 0.2598218321800232, 0.17642182111740112, 0.37178295850753784, 0.17837905883789062, 0.30182763934135437, 0.23167970776557922, 0.21597260236740112, 0.5492980480194092, 0.35442325472831726, 0.2547336220741272, 0.3801306486129761, 0.2344178557395935, 0.18669474124908447, 0.288715124130249, 0.38628625869750977, 0.24594354629516602, 0.2067139744758606, 0.31471097469329834, 0.43652525544166565, 0.510479748249054, 0.34226229786872864, 0.3675673007965088, 0.3281114101409912, 0.45700106024742126, 0.3243103623390198, 0.3230714201927185, 0.23291683197021484, 0.2527816891670227, 0.42673128843307495, 0.33311569690704346, 0.2617116868495941, 0.18826857209205627, 0.11595228314399719, 0.23087811470031738, 0.5241779088973999, 0.22155943512916565, 0.41456490755081177, 0.26615673303604126, 0.3684285879135132, 0.4353049099445343, 0.4722435176372528, 0.26783454418182373, 0.3534557521343231]}}