{"elbo": -1981.8843994140625, "estimated_elbo_std": 0.05821269005537033, "learning_rate": 0.01, "initial_step_size": [0.008656833320856094, 0.01847621612250805, 0.004068345297127962, [0.012920163571834564, 0.010150240734219551, 0.02088012732565403, 0.019806789234280586, 0.010695155709981918, 0.011021450161933899, 0.02800844982266426, 0.006206423509865999, 0.004759279545396566, 0.016163412481546402, 0.018076438456773758, 0.02796129509806633, 0.011550809256732464, 0.02781641110777855, 0.015378756448626518, 0.021970191970467567, 0.02205001376569271, 0.004758174996823072, 0.012762341648340225, 0.018970098346471786, 0.01102650910615921, 0.020820992067456245, 0.02539619244635105, 0.016683293506503105, 0.011179543100297451, 0.01977851800620556, 0.02351263351738453, 0.01463149581104517, 0.009130136109888554, 0.0061968229711055756, 0.013681008480489254, 0.01209281850606203, 0.01395745575428009, 0.007986621931195259, 0.014528108760714531, 0.01418941281735897, 0.0220665093511343, 0.019778789952397346, 0.009120716713368893, 0.013479073531925678, 0.018965983763337135, 0.025598572567105293, 0.03587992116808891, 0.022104691714048386, 0.005579584743827581, 0.022040322422981262, 0.009699157439172268, 0.01896822825074196, 0.011905972845852375, 0.008836941793560982, 0.0076702553778886795, 0.017961783334612846, 0.012920951470732689]], "learned_reparam": null}