{"elbo": -1981.87451171875, "estimated_elbo_std": 0.04760028421878815, "learning_rate": 0.01, "initial_step_size": [0.008532778359949589, 0.01832587644457817, 0.004138423595577478, [0.012867056764662266, 0.01002531684935093, 0.020848773419857025, 0.019621137529611588, 0.010701572522521019, 0.011060363613069057, 0.02807869017124176, 0.006240415386855602, 0.004699390381574631, 0.01614709384739399, 0.018178656697273254, 0.02805192396044731, 0.011673206463456154, 0.027883920818567276, 0.015506412833929062, 0.02217244543135166, 0.02226114645600319, 0.004754356574267149, 0.012826843187212944, 0.018851298838853836, 0.01112888939678669, 0.02080090530216694, 0.025356389582157135, 0.016543224453926086, 0.011391064152121544, 0.019834937527775764, 0.02368181385099888, 0.01490150298923254, 0.0091023501008749, 0.006187517661601305, 0.013691069558262825, 0.011940221302211285, 0.013786240480840206, 0.00808180682361126, 0.014785755425691605, 0.014458730816841125, 0.02207351289689541, 0.019574200734496117, 0.009218486025929451, 0.013636876828968525, 0.019011951982975006, 0.025505565106868744, 0.03611409291625023, 0.022125624120235443, 0.005620463751256466, 0.02204868383705616, 0.009719977155327797, 0.019084544852375984, 0.01190132275223732, 0.008744960650801659, 0.007668548729270697, 0.017941713333129883, 0.012766052968800068]], "learned_reparam": null}