{"elbo": -1981.9044189453125, "estimated_elbo_std": 0.07547365128993988, "learning_rate": 0.01, "initial_step_size": [0.00846942514181137, 0.018372761085629463, 0.00408346438780427, [0.012717781588435173, 0.009996135719120502, 0.020941412076354027, 0.019847700372338295, 0.010834206826984882, 0.011162744835019112, 0.027895618230104446, 0.006146150175482035, 0.004807645920664072, 0.016181886196136475, 0.0181793924421072, 0.027975574135780334, 0.011379986070096493, 0.028194855898618698, 0.015667691826820374, 0.022327519953250885, 0.02226211130619049, 0.004710398614406586, 0.013080972246825695, 0.019001133739948273, 0.01100323349237442, 0.020467879250645638, 0.025504305958747864, 0.016635695472359657, 0.011100324802100658, 0.019936934113502502, 0.023790761828422546, 0.014803995378315449, 0.009155760519206524, 0.006298145744949579, 0.013739246875047684, 0.011955410242080688, 0.01381151843816042, 0.00814030785113573, 0.014587871730327606, 0.014518683776259422, 0.02223549410700798, 0.019704492762684822, 0.009094415232539177, 0.013528476469218731, 0.018826335668563843, 0.025395672768354416, 0.03629675507545471, 0.0217997208237648, 0.005608981475234032, 0.02217217907309532, 0.009873447008430958, 0.018858131021261215, 0.012217915616929531, 0.008783089928328991, 0.007618481758981943, 0.018106631934642792, 0.012539966963231564]], "learned_reparam": null}