{"elbo": -1985.3824462890625, "estimated_elbo_std": 0.13814634084701538, "learning_rate": 0.02, "initial_step_size": [0.0015559697058051825, 0.0033315473701804876, 0.004098175093531609, [0.012697991915047169, 0.010091119445860386, 0.020821403712034225, 0.01959202252328396, 0.010937402956187725, 0.011054065078496933, 0.028317023068666458, 0.00613835034891963, 0.0049251350574195385, 0.01583028770983219, 0.01796199567615986, 0.027324514463543892, 0.011926254257559776, 0.028183970600366592, 0.015662631019949913, 0.021990226581692696, 0.0220869779586792, 0.004729507956653833, 0.01282799057662487, 0.018506715074181557, 0.011038443073630333, 0.020712267607450485, 0.02563425712287426, 0.01679997332394123, 0.011154355481266975, 0.019922954961657524, 0.02347544953227043, 0.014604482799768448, 0.008920842781662941, 0.00638167466968298, 0.013772135600447655, 0.01193500217050314, 0.014197730459272861, 0.008136605843901634, 0.014765026979148388, 0.014313285239040852, 0.02193821780383587, 0.019722972065210342, 0.008966514840722084, 0.013420194387435913, 0.018823910504579544, 0.025321122258901596, 0.03608790040016174, 0.022031979635357857, 0.005692524369806051, 0.021993767470121384, 0.009752755053341389, 0.019167959690093994, 0.011672835797071457, 0.00886570569127798, 0.007537218276411295, 0.01749788597226143, 0.012909656390547752]], "learned_reparam": null}