{"elbo": -2305.14404296875, "estimated_elbo_std": 0.046536561101675034, "learning_rate": 0.01, "initial_step_size": [0.016965683549642563, 0.02661675214767456, 0.0006732534966431558, [0.006362498737871647, 0.009054328314960003, 0.005755438003689051, 0.02381577342748642, 0.004434251692146063, 0.011790953576564789, 0.005620838142931461, 0.0084336306899786, 0.0031530510168522596, 0.004899810068309307, 0.005341388285160065, 0.007235554046928883, 0.004240323789417744]], "learned_reparam": null}