{"elbo": -2305.162109375, "estimated_elbo_std": 0.071831613779068, "learning_rate": 0.02, "initial_step_size": [0.01652141474187374, 0.026210080832242966, 0.000667237734887749, [0.006226619239896536, 0.008706922642886639, 0.005805658176541328, 0.023273639380931854, 0.0042094639502465725, 0.01140014361590147, 0.005650540813803673, 0.008548703975975513, 0.0030616773292422295, 0.005116106942296028, 0.0052080703899264336, 0.007272118236869574, 0.004214045591652393]], "learned_reparam": {"mua_a": 0.6768938899040222, "mua_b": 0.3096679151058197, "b1_a": 0.5267801284790039, "b1_b": 0.21489837765693665, "b2_a": 0.2822292149066925, "b2_b": 0.7578133940696716, "m_a": [0.9879968166351318, 0.9779307246208191, 0.9900760650634766, 0.8498415946960449, 0.9915344715118408, 0.9632245302200317, 0.9896219968795776, 0.981552243232727, 0.9927470684051514, 0.9909499883651733, 0.9906164407730103, 0.9851210117340088, 0.9903362989425659], "m_b": [0.491343230009079, 0.4311695098876953, 0.5018805861473083, 0.23804283142089844, 0.5511071681976318, 0.3809014558792114, 0.5071768760681152, 0.43499836325645447, 0.5952186584472656, 0.522528350353241, 0.5209022164344788, 0.4637894630432129, 0.5494347214698792]}}