{"elbo": -2305.177734375, "estimated_elbo_std": 0.04823628067970276, "learning_rate": 0.02, "initial_step_size": [0.016576476395130157, 0.02666507475078106, 0.000662284845020622, [0.0062911733984947205, 0.009051202796399593, 0.005785397719591856, 0.023093361407518387, 0.004348744172602892, 0.01169821061193943, 0.005395478568971157, 0.008578351698815823, 0.0031033935956656933, 0.004956651479005814, 0.005173068959265947, 0.007180171087384224, 0.004105473402887583]], "learned_reparam": {"mua_a": 0.5, "mua_b": 0.5, "b1_a": 0.5, "b1_b": 0.5, "b2_a": 0.5, "b2_b": 0.5, "m_a": [0.9832913875579834, 0.9748758673667908, 0.983256995677948, 0.8608793020248413, 0.9828802347183228, 0.9648041725158691, 0.9865232706069946, 0.9784009456634521, 0.9862542152404785, 0.9847145080566406, 0.9862210154533386, 0.9830119609832764, 0.9760584235191345], "m_b": [0.5, 0.5, 0.5, 0.5, 0.5, 0.5, 0.5, 0.5, 0.5, 0.5, 0.5, 0.5, 0.5]}}