{"elbo": -2305.1552734375, "estimated_elbo_std": 0.06571563333272934, "learning_rate": 0.02, "initial_step_size": [0.016489161178469658, 0.026415977627038956, 0.0006698628421872854, [0.006230839993804693, 0.009062932804226875, 0.00589880021288991, 0.024127893149852753, 0.004390540067106485, 0.011875598691403866, 0.0055980621837079525, 0.00851081870496273, 0.003183844732120633, 0.0049599274061620235, 0.005116142798215151, 0.007069071754813194, 0.004279785323888063]], "learned_reparam": {"mua_a": 0.5, "mua_b": 0.5, "b1_a": 0.5, "b1_b": 0.5, "b2_a": 0.5, "b2_b": 0.5, "m_a": [0.9836136102676392, 0.9758821725845337, 0.9827631711959839, 0.8596950173377991, 0.9829972982406616, 0.9642840623855591, 0.9861844182014465, 0.9786503314971924, 0.9862790703773499, 0.9849061369895935, 0.9866759777069092, 0.9828524589538574, 0.9758701324462891], "m_b": [0.5, 0.5, 0.5, 0.5, 0.5, 0.5, 0.5, 0.5, 0.5, 0.5, 0.5, 0.5, 0.5]}}