{"elbo": -2305.133056640625, "estimated_elbo_std": 0.04568871855735779, "learning_rate": 0.01, "initial_step_size": [0.01683230884373188, 0.026626674458384514, 0.0006696343189105392, [0.006377712357789278, 0.008945655077695847, 0.005836179945617914, 0.023436371237039566, 0.004383240360766649, 0.011981316842138767, 0.005585342645645142, 0.008388981223106384, 0.003161083906888962, 0.004874026868492365, 0.0052679008804261684, 0.007082517724484205, 0.004231481812894344]], "learned_reparam": null}