{"elbo": -2305.1669921875, "estimated_elbo_std": 0.049157217144966125, "learning_rate": 0.01, "initial_step_size": [0.016511373221874237, 0.026332179084420204, 0.0006763564888387918, [0.006265533156692982, 0.008917858824133873, 0.005808879155665636, 0.023995043709874153, 0.004358083941042423, 0.011636330746114254, 0.005576191004365683, 0.008378028869628906, 0.00312375882640481, 0.004944130778312683, 0.00523089524358511, 0.007155511062592268, 0.004193634260445833]], "learned_reparam": null}