{"elbo": -2305.1416015625, "estimated_elbo_std": 0.057705361396074295, "learning_rate": 0.005, "initial_step_size": [0.016849365085363388, 0.026522021740674973, 0.0006687792483717203, [0.006369517184793949, 0.009068308398127556, 0.005853353999555111, 0.023707490414381027, 0.004403394181281328, 0.011814855970442295, 0.005587536375969648, 0.008452480658888817, 0.003159808926284313, 0.004905279725790024, 0.005258710123598576, 0.007219014689326286, 0.004214796237647533]], "learned_reparam": null}