{"elbo": -2309.998046875, "estimated_elbo_std": 0.08263314515352249, "learning_rate": 0.005, "initial_step_size": [0.0015357921365648508, 0.002286668634042144, 0.0006702019018121064, [0.006337622180581093, 0.009050874039530754, 0.005811771377921104, 0.023719843477010727, 0.00439342949539423, 0.011819696985185146, 0.00559616181999445, 0.00835427362471819, 0.0031682869885116816, 0.004900016821920872, 0.005255038384348154, 0.00716323172673583, 0.0042123449966311455]], "learned_reparam": null}