{"elbo": -214.4389190673828, "estimated_elbo_std": 0.34148767590522766, "learning_rate": 0.07, "initial_step_size": [0.08667062968015671, 0.09423305094242096, 0.11914607137441635, 0.4511985182762146, 0.11954916268587112, 0.4338218867778778, 0.11926193535327911, 0.45765239000320435, 0.1210775300860405, 0.44381624460220337, 0.120963454246521, 0.4456140398979187, 0.11947236955165863, 0.44560059905052185, 0.12007029354572296, 0.44904825091362, 0.1207069605588913, 0.46139833331108093, 0.12057319283485413, 0.45667409896850586, 0.11976661533117294, 0.46704593300819397, 0.12147688120603561, 0.45519930124282837, 0.11922268569469452, 0.44694286584854126, 0.11982636898756027, 0.4527509808540344, 0.11874588578939438, 0.4380989074707031, 0.12046995013952255, 0.44218766689300537, 0.1209411695599556, 0.44451695680618286, 0.11846446990966797, 0.4652363657951355, 0.12099936604499817, 0.4779168963432312, 0.11732114106416702, 0.43867066502571106, 0.1195036768913269, 0.4378458261489868, 0.11992903798818588, 0.4509766399860382, 0.12092384696006775, 0.4372245669364929, 0.12263023853302002, 0.4480111598968506, 0.11931981146335602, 0.45461833477020264, 0.12110508978366852, 0.43825098872184753, 0.11788104474544525, 0.44486135244369507, 0.11917474865913391, 0.45424139499664307, 0.11801835149526596, 0.4488081932067871, 0.11742597818374634, 0.4667426347732544, 0.12109316140413284, 0.46611419320106506, 0.1222408339381218, 0.44539254903793335, 0.12160198390483856, 0.49426329135894775, 0.1271851658821106, 0.4759567975997925, 0.11814515292644501, 0.44864606857299805, 0.11950410157442093, 0.4425649642944336, 0.11925749480724335, 0.4498792886734009, 0.11932076513767242, 0.47497281432151794, 0.11948993057012558, 0.4446873962879181, 0.11436973512172699, 0.46571141481399536, 0.11920078098773956, 0.44912776350975037, 0.12066660076379776, 0.42677390575408936, 0.12101616710424423, 0.455199658870697, 0.12224231660366058, 0.4670475721359253, 0.11884836107492447, 0.43964070081710815, 0.11888826638460159, 0.45324814319610596, 0.11961759626865387, 0.4532022476196289, 0.11858729273080826, 0.4582098424434662, 0.11958184838294983, 0.47505396604537964, 0.12117616832256317, 0.4578755795955658, 0.11910882592201233, 0.42900916934013367, 0.12061513960361481, 0.494802862405777, 0.11985333263874054, 0.4738650321960449, 0.11774764209985733, 0.4447409510612488, 0.12038201838731766, 0.4482433497905731, 0.1202515959739685, 0.4324847161769867, 0.12080711871385574, 0.4641442894935608, 0.1192299872636795, 0.4634559750556946, 0.12046456336975098, 0.44727903604507446, 0.11976154148578644, 0.45525962114334106, 0.11933102458715439, 0.6160529851913452, 8.106198947643861e-06], "learned_reparam": null}