{"elbo": -420.00341796875, "estimated_elbo_std": 27.910554885864258, "learning_rate": 0.07, "initial_step_size": [0.0022103183437138796, 0.013822310604155064, 0.013380726799368858, 0.030908746644854546, 0.05392685905098915, 0.041805777698755264, 0.06102912127971649, 0.04539620876312256, 0.0655054897069931, 0.04884495213627815, 0.05839097872376442, 0.06180479750037193, 0.054860301315784454, 0.03215774521231651, 0.05391838774085045, 0.05156984552741051, 0.06422749906778336, 0.057118386030197144, 0.0615556463599205, 0.05532443895936012, 0.05579490214586258, 0.05162905529141426, 0.05698123946785927, 0.06657765060663223, 0.06105121597647667, 0.06579551845788956, 0.05703168734908104, 0.03509429469704628, 0.0603296123445034, 0.03724053129553795, 0.07000648230314255, 0.05928060784935951, 0.06485960632562637, 0.05796066299080849, 0.06850094348192215, 0.07569842785596848, 0.07688480615615845, 0.07946740090847015, 0.05619741603732109, 0.08660733699798584, 0.07615189254283905, 0.10202369838953018, 0.07318628579378128, 0.08869850635528564, 0.07527715712785721, 0.0844786986708641, 0.08315157890319824, 0.09697719663381577, 0.08450455218553543, 0.11697229743003845, 0.09284103661775589, 0.14292384684085846, 0.10411545634269714, 0.2453915923833847, 0.11377125978469849, 0.5339043140411377, 0.08726827800273895, 0.7422820329666138, 0.0602620467543602, 0.12635637819766998, 0.0863342210650444, 0.3725721538066864, 0.024307556450366974, 0.06653884053230286, 0.08167659491300583, 0.09618286788463593, 0.08539928495883942, 0.10615814477205276, 0.10995523631572723, 0.29245513677597046, 0.015912100672721863, 0.03595244511961937, 0.06018897891044617, 0.06638948619365692, 0.05746600404381752, 0.03541041910648346, 0.06034667044878006, 0.0552249513566494, 0.051676150411367416, 0.032221924513578415, 0.02787407487630844, 0.04670177772641182, 0.038825832307338715, 0.030541710555553436, 0.037563785910606384, 0.02975342608988285, 0.04509314149618149, 0.0281317587941885, 0.03550925478339195, 0.0234463382512331, 0.03896423056721687, 0.024745039641857147, 0.044189997017383575, 0.024903422221541405, 0.05141404643654823, 0.021710123866796494, 0.042667899280786514, 0.019192703068256378, 0.04934706911444664, 0.01820240542292595, 0.046108175069093704, 0.019806815311312675, 0.04932857304811478, 0.01877278834581375, 0.0545482337474823, 0.018636131659150124, 0.05205430090427399, 0.024385156109929085, 0.049290671944618225, 0.023924237117171288, 0.05316799134016037, 0.02663259580731392, 0.053717538714408875, 0.035564132034778595, 0.05864058434963226, 0.05118970200419426, 0.07725387066602707, 0.06910732388496399, 0.07955250889062881, 0.1419735550880432, 0.1109548881649971, 0.9449321031570435, 8.821448318485636e-06], "learned_reparam": {"sigma_alpha_a": 0.5, "sigma_alpha_b": 0.5, "sigma_mu_a": 0.5, "sigma_mu_b": 0.5, "alpha0_a": 0.5, "alpha0_b": 0.000686389219481498, "mu0_a": 0.5, "mu0_b": 0.025933459401130676, "alpha1_a": 0.14134542644023895, "alpha1_b": 0.9645467400550842, "mu1_a": 0.5104153156280518, "mu1_b": 0.6858735680580139, "alpha2_a": 0.12795516848564148, "alpha2_b": 0.9698681831359863, "mu2_a": 0.5497144460678101, "mu2_b": 0.9467809796333313, "alpha3_a": 0.12874960899353027, "alpha3_b": 0.9731088280677795, "mu3_a": 0.5820963382720947, "mu3_b": 0.9645385146141052, "alpha4_a": 0.11811057478189468, "alpha4_b": 0.9563024640083313, "mu4_a": 0.6460722088813782, "mu4_b": 0.9625349044799805, "alpha5_a": 0.11552993208169937, "alpha5_b": 0.9366522431373596, "mu5_a": 0.6031036376953125, "mu5_b": 0.05061797797679901, "alpha6_a": 0.11479311436414719, "alpha6_b": 0.932948648929596, "mu6_a": 0.5341713428497314, "mu6_b": 0.9681733250617981, "alpha7_a": 0.14142583310604095, "alpha7_b": 0.9242454767227173, "mu7_a": 0.4941350221633911, "mu7_b": 0.9718692898750305, "alpha8_a": 0.1295778602361679, "alpha8_b": 0.9242039322853088, "mu8_a": 0.5707782506942749, "mu8_b": 0.984516441822052, "alpha9_a": 0.12977851927280426, "alpha9_b": 0.9230744242668152, "mu9_a": 0.6147505640983582, "mu9_b": 0.9826244711875916, "alpha10_a": 0.15096892416477203, "alpha10_b": 0.916459858417511, "mu10_a": 0.6202229261398315, "mu10_b": 0.9849338531494141, "alpha11_a": 0.13598133623600006, "alpha11_b": 0.9140214920043945, "mu11_a": 0.6155551075935364, "mu11_b": 0.9884856939315796, "alpha12_a": 0.12053229659795761, "alpha12_b": 0.9037465453147888, "mu12_a": 0.6686616539955139, "mu12_b": 0.0431574322283268, "alpha13_a": 0.1380854696035385, "alpha13_b": 0.8958849310874939, "mu13_a": 0.3315223157405853, "mu13_b": 0.004537208471447229, "alpha14_a": 0.22339403629302979, "alpha14_b": 0.9367184638977051, "mu14_a": 0.4176633358001709, "mu14_b": 0.9958460927009583, "alpha15_a": 0.1648900955915451, "alpha15_b": 0.9416568875312805, "mu15_a": 0.4556819498538971, "mu15_b": 0.9945817589759827, "alpha16_a": 0.17949269711971283, "alpha16_b": 0.916247546672821, "mu16_a": 0.4877466857433319, "mu16_b": 0.9929789900779724, "alpha17_a": 0.1773592233657837, "alpha17_b": 0.903562068939209, "mu17_a": 0.5379985570907593, "mu17_b": 0.9883312582969666, "alpha18_a": 0.21024616062641144, "alpha18_b": 0.8728969693183899, "mu18_a": 0.5989092588424683, "mu18_b": 0.9877544045448303, "alpha19_a": 0.21382439136505127, "alpha19_b": 0.8887343406677246, "mu19_a": 0.6198747158050537, "mu19_b": 0.9536532759666443, "alpha20_a": 0.22164727747440338, "alpha20_b": 0.893390417098999, "mu20_a": 0.6382448077201843, "mu20_b": 0.09599442780017853, "alpha21_a": 0.26939335465431213, "alpha21_b": 0.8950514197349548, "mu21_a": 0.6587826609611511, "mu21_b": 0.00807308778166771, "alpha22_a": 0.2744840979576111, "alpha22_b": 0.929660975933075, "mu22_a": 0.6458925008773804, "mu22_b": 0.016949186101555824, "alpha23_a": 0.3101673126220703, "alpha23_b": 0.9513721466064453, "mu23_a": 0.6712901592254639, "mu23_b": 0.07244657725095749, "alpha24_a": 0.37551823258399963, "alpha24_b": 0.9629322290420532, "mu24_a": 0.6504431366920471, "mu24_b": 0.11492452770471573, "alpha25_a": 0.4683726727962494, "alpha25_b": 0.96586012840271, "mu25_a": 0.6503483653068542, "mu25_b": 0.5798055529594421, "alpha26_a": 0.5588061809539795, "alpha26_b": 0.9519537687301636, "mu26_a": 0.6077359318733215, "mu26_b": 0.4209613502025604, "alpha27_a": 0.6482939124107361, "alpha27_b": 0.8101039528846741, "mu27_a": 0.541811466217041, "mu27_b": 0.45080146193504333, "alpha28_a": 0.6676498055458069, "alpha28_b": 0.70273756980896, "mu28_a": 0.621264636516571, "mu28_b": 0.02345900796353817, "alpha29_a": 0.25822097063064575, "alpha29_b": 0.7980217933654785, "mu29_a": 0.62184077501297, "mu29_b": 0.18056346476078033, "alpha30_a": 0.32992932200431824, "alpha30_b": 0.20151595771312714, "mu30_a": 0.5640690922737122, "mu30_b": 0.06607343256473541, "alpha31_a": 0.21188464760780334, "alpha31_b": 0.9186877012252808, "mu31_a": 0.48028087615966797, "mu31_b": 0.30415409803390503, "alpha32_a": 0.20312921702861786, "alpha32_b": 0.9164861440658569, "mu32_a": 0.7550881505012512, "mu32_b": 0.05046040564775467, "alpha33_a": 0.21762606501579285, "alpha33_b": 0.94985032081604, "mu33_a": 0.7721993327140808, "mu33_b": 0.05374881252646446, "alpha34_a": 0.265908420085907, "alpha34_b": 0.07387147098779678, "mu34_a": 0.5853919386863708, "mu34_b": 0.00852100271731615, "alpha35_a": 0.10741589218378067, "alpha35_b": 0.9061961770057678, "mu35_a": 0.3361237347126007, "mu35_b": 0.3156791627407074, "alpha36_a": 0.10252504050731659, "alpha36_b": 0.8249573111534119, "mu36_a": 0.7171085476875305, "mu36_b": 0.0026194967795163393, "alpha37_a": 0.12388249486684799, "alpha37_b": 0.8051629066467285, "mu37_a": 0.24582542479038239, "mu37_b": 0.6789166927337646, "alpha38_a": 0.15182599425315857, "alpha38_b": 0.7054165005683899, "mu38_a": 0.39759668707847595, "mu38_b": 0.004193612840026617, "alpha39_a": 0.1004294902086258, "alpha39_b": 0.3954918384552002, "mu39_a": 0.2706873416900635, "mu39_b": 0.31185394525527954, "alpha40_a": 0.12672019004821777, "alpha40_b": 0.5647588968276978, "mu40_a": 0.3878244161605835, "mu40_b": 0.00852828100323677, "alpha41_a": 0.13506492972373962,