{"elbo": -584.33740234375, "estimated_elbo_std": 3.941551685333252, "learning_rate": 0.05, "initial_step_size": [0.0008844992844387889, 0.010041081346571445, 0.0022697895765304565, 0.0373384952545166, 0.024101484566926956, 0.026313800364732742, 0.0251097921282053, 0.028868047520518303, 0.02658221870660782, 0.025003880262374878, 0.025241149589419365, 0.018911998718976974, 0.026888860389590263, 0.04092632234096527, 0.026627954095602036, 0.013004021719098091, 0.02766711451113224, 0.028315911069512367, 0.030279094353318214, 0.031221460551023483, 0.0291852205991745, 0.03316407650709152, 0.028537567704916, 0.02893904037773609, 0.02896185591816902, 0.012848333455622196, 0.03087753988802433, 0.01184654701501131, 0.032644424587488174, 0.014875326305627823, 0.03349338099360466, 0.013262036256492138, 0.03637486323714256, 0.020522747188806534, 0.03887639939785004, 0.03804738074541092, 0.04757026210427284, 0.043231237679719925, 0.04035687446594238, 0.047974053770303726, 0.0466652549803257, 0.03360035642981529, 0.04852816462516785, 0.060845065861940384, 0.054676007479429245, 0.06732139736413956, 0.06196111440658569, 0.0791284516453743, 0.07058395445346832, 0.11275216937065125, 0.08443871140480042, 0.1878233402967453, 0.11498656123876572, 0.2882431447505951, 0.11784237623214722, 0.16677238047122955, 0.12041711062192917, 0.05687470734119415, 0.02197348326444626, 0.021026792004704475, 0.0212957002222538, 0.019297946244478226, 0.0016901507042348385, 0.012448586523532867, 0.0227121040225029, 0.02057354897260666, 0.022895509377121925, 0.01827099919319153, 0.023036478087306023, 0.011782458983361721, 0.0019932182040065527, 0.005651448387652636, 0.023491984233260155, 0.006453980691730976, 0.02343119867146015, 0.002891409443691373, 0.025425255298614502, 0.0020896997302770615, 0.026458699256181717, 0.0033862413838505745, 0.0025137036573141813, 0.0031407573260366917, 0.026290113106369972, 0.0035821336787194014, 0.028305713087320328, 0.004616673570126295, 0.029472893103957176, 0.004292679019272327, 0.02887754514813423, 0.005155839025974274, 0.02913149632513523, 0.005118954926729202, 0.031428031623363495, 0.005996451713144779, 0.03156306967139244, 0.005715219769626856, 0.03393838554620743, 0.004922532942146063, 0.034678589552640915, 0.005206478293985128, 0.03478233143687248, 0.0056195612996816635, 0.040246039628982544, 0.006630680989474058, 0.03763783723115921, 0.007945715449750423, 0.03684249147772789, 0.010214081034064293, 0.04494761303067207, 0.012075181119143963, 0.04782724007964134, 0.014760807156562805, 0.05675329640507698, 0.020675843581557274, 0.06417417526245117, 0.032434407621622086, 0.07293219864368439, 0.05712942034006119, 0.08682485669851303, 0.11381573230028152, 0.11450742185115814, 1.0093703269958496, 8.940656698541716e-06], "learned_reparam": null}