{"elbo": -645.6878051757812, "estimated_elbo_std": 4.220373153686523, "learning_rate": 0.05, "initial_step_size": [0.004836170934140682, 0.0004012971476186067, 0.02149605005979538, 0.0007731309160590172, 0.022908441722393036, 0.0007558587822131813, 0.02143152616918087, 0.0008984343148767948, 0.02581671066582203, 0.0008206575294025242, 0.025064220651984215, 0.00078671018127352, 0.023461243137717247, 0.0008553183870390058, 0.02315005287528038, 0.0008844992844387889, 0.023274913430213928, 0.0009747759322635829, 0.02496609278023243, 0.0008694920688867569, 0.02795707806944847, 0.0009766814764589071, 0.02580997347831726, 0.000952267087996006, 0.027372309938073158, 0.0010096696205437183, 0.02542571909725666, 0.001209004782140255, 0.025186749175190926, 0.0011071987682953477, 0.02473527193069458, 0.0011618537828326225, 0.02790224552154541, 0.0012968709925189614, 0.029914140701293945, 0.0011297041783109307, 0.024568604305386543, 0.0013679441763088107, 0.02790178172290325, 0.001256391522474587, 0.031002940610051155, 0.0012940136948600411, 0.031160566955804825, 0.0013637775555253029, 0.023958340287208557, 0.0015378089156001806, 0.027246220037341118, 0.0017680978635326028, 0.030330674722790718, 0.001563994330354035, 0.030207617208361626, 0.0016374287661165, 0.030378667637705803, 0.0017730958061292768, 0.0282423235476017, 0.0016692051431164145, 0.031526222825050354, 0.001984652131795883, 0.031123705208301544, 0.001986912451684475, 0.031170619651675224, 0.0021968772634863853, 0.03786489740014076, 0.0023205752950161695, 0.032114915549755096, 0.0022977397311478853, 0.0373183973133564, 0.0024249928537756205, 0.031896475702524185, 0.0026843249797821045, 0.03363309055566788, 0.0026764783542603254, 0.037244319915771484, 0.002981980564072728, 0.03911728039383888, 0.003013832960277796, 0.04177216440439224, 0.0034926861990243196, 0.03684961423277855, 0.0032693292014300823, 0.04008124768733978, 0.0033318265341222286, 0.0396437793970108, 0.004316774196922779, 0.044723521918058395, 0.004769614897668362, 0.041678864508867264, 0.004436649847775698, 0.044505540281534195, 0.004945071414113045, 0.04273049533367157, 0.005313441157341003, 0.050964854657649994, 0.0054033189080655575, 0.047619253396987915, 0.00723764393478632, 0.052844200283288956, 0.007758483290672302, 0.048028364777565, 0.008462167344987392, 0.05507660284638405, 0.00977538712322712, 0.05673358589410782, 0.012773481197655201, 0.06101353466510773, 0.015875257551670074, 0.05545143783092499, 0.018723884597420692, 0.06569918245077133, 0.021054457873106003, 0.07426243275403976, 0.026837915182113647, 0.07442621886730194, 0.03934469074010849, 0.0908498615026474, 0.05756662040948868, 0.10383816063404083, 0.09642050415277481, 0.12337698042392731, 0.20093291997909546, 0.17229557037353516, 0.9866348505020142, 8.4638240878121e-06], "learned_reparam": null}